Brand,Price,Horsepower,Fuel Efficiency,Encoded Brand,scaled horsepower,scaled fuel efficiency,scaled brand,Performance Index
Brand C,91942,382,15.3,6,0.705,0.212,0.625,0.002958278
Brand A,70075,197,32.6,4,0.2425,0.904,0.375,0.002107456
Brand C,84524,188,34.9,6,0.22,0.996,0.625,0.001680824
Brand E,68939,258,15.1,2,0.395,0.204,0.125,0.002685418
Brand X,66505,277,13,8,0.4425,0.12,0.875,0.002974212
Brand W,92762,125,18.5,1,0.0625,0.34,0,0.001003105
Brand Y,99356,284,20.6,3,0.46,0.424,0.25,0.002063086
Brand A,38486,445,22,4,0.8625,0.48,0.375,0.008265343
Brand A,54628,426,13.5,4,0.815,0.14,0.375,0.005532877
Brand D,93925,250,22.1,9,0.375,0.484,1,0.001933777
Brand D,91392,196,34.6,9,0.24,0.984,1,0.001614802
Brand W,44426,243,28.9,1,0.3575,0.756,0,0.004023995
Brand B,80911,380,14,5,0.7,0.16,0.5,0.003339472
Brand Z,70801,434,12.1,7,0.835,0.084,0.75,0.00434217
Brand Y,56553,267,26.6,3,0.4175,0.664,0.25,0.003445971
Brand C,98956,302,19.7,6,0.505,0.388,0.625,0.002196027
Brand D,41342,397,20.9,9,0.7425,0.436,1,0.006873639
Brand Y,56788,371,16.6,3,0.6775,0.264,0.25,0.004660844
Brand W,73681,368,22.8,1,0.67,0.512,0,0.003588985
Brand C,63849,448,23.3,6,0.87,0.532,0.625,0.005021065
Brand D,66440,392,31.5,9,0.73,0.86,1,0.004272276
Brand D,32201,443,31.4,9,0.8575,0.856,1,0.009922673
Brand C,58132,271,14.4,6,0.4275,0.176,0.625,0.003337577
Brand W,55534,289,21.3,1,0.4725,0.452,0,0.003757878
Brand D,58482,326,28.2,9,0.565,0.728,1,0.004046715
Brand D,62941,415,30.4,9,0.7875,0.816,1,0.004760331
Brand Z,38558,425,33.3,7,0.8125,0.932,0.75,0.007974739
Brand Z,89631,159,30.4,7,0.1475,0.816,0.75,0.001343508
Brand Y,81392,123,28.8,3,0.0575,0.752,0.25,0.001163996
Brand Z,88737,133,15.3,7,0.0825,0.212,0.75,0.001100894
Brand Y,83940,418,30.6,3,0.795,0.824,0.25,0.003595187
Brand W,78623,406,28.6,1,0.765,0.744,0,0.003723847
Brand E,54572,462,34.2,2,0.905,0.968,0.125,0.006114124
Brand X,90994,412,21.5,8,0.78,0.46,0.875,0.003240324
Brand E,93796,301,19.8,2,0.5025,0.392,0.125,0.002309693
Brand Y,87899,375,34.5,3,0.6875,0.98,0.25,0.003104131
Brand X,53136,348,29.8,8,0.62,0.792,0.875,0.00475271
Brand D,59191,372,18,9,0.68,0.32,1,0.004490548
Brand W,31549,293,20,1,0.4825,0.4,0,0.006691179
Brand Y,65818,191,23.1,3,0.2275,0.524,0.25,0.00213665
Brand W,32910,469,27.6,1,0.9225,0.704,0,0.010227287
Brand A,38830,145,28,4,0.1125,0.72,0.375,0.002830286
Brand B,49391,377,29,5,0.6925,0.76,0.5,0.005519224
Brand Z,91045,479,15.4,7,0.9475,0.216,0.75,0.003733538
Brand D,83677,451,14.2,9,0.8775,0.168,1,0.003823751
Brand A,86547,237,22,4,0.3425,0.48,0.375,0.001993137
Brand B,63487,399,26.4,5,0.7475,0.656,0.5,0.004524076
Brand C,56290,206,19.9,6,0.265,0.396,0.625,0.002667792
Brand D,47458,388,24.8,9,0.72,0.592,1,0.005879725
Brand E,61479,342,22.3,2,0.605,0.492,0.125,0.00400283
Brand X,87307,488,14.2,8,0.97,0.168,0.875,0.003961423
Brand D,71988,343,16.1,9,0.6075,0.244,1,0.003402373
Brand E,58456,138,30.1,2,0.095,0.804,0.125,0.001807
Brand X,66884,389,34,8,0.7225,0.96,0.875,0.004223731
Brand C,46162,417,25.6,6,0.7925,0.624,0.625,0.006489753
Brand X,77816,200,12.6,8,0.25,0.104,0.875,0.001847692
Brand E,99746,417,12.6,2,0.7925,0.104,0.125,0.002964329
Brand C,34281,397,33.9,6,0.7425,0.956,0.625,0.008403197
Brand B,49012,250,28.1,5,0.375,0.724,0.5,0.003742553
Brand X,71598,372,19.7,8,0.68,0.388,0.875,0.003719517
Brand B,49863,449,24.4,5,0.8725,0.576,0.5,0.006450073
Brand W,91999,476,25.2,1,0.94,0.608,0,0.003703953
Brand B,55450,186,32.5,5,0.215,0.9,0.5,0.002523895
Brand A,38366,233,13.9,4,0.3325,0.156,0.375,0.00435985
Brand C,69103,132,15.9,6,0.08,0.236,0.625,0.001406162
Brand C,31700,191,32,6,0.2275,0.88,0.625,0.004520505
Brand D,70482,474,33,9,0.935,0.92,1,0.004848046
Brand W,72835,244,31.5,1,0.36,0.86,0,0.002474772
Brand W,35571,354,25.5,1,0.635,0.62,0,0.007181412
Brand X,37908,205,14.4,8,0.2625,0.176,0.875,0.003899441
Brand A,49095,197,16.6,4,0.2425,0.264,0.375,0.002910276
Brand A,98767,330,10.3,4,0.575,0.012,0.375,0.002370124
Brand W,33667,283,27.7,1,0.4575,0.708,0,0.006130929
Brand C,47868,154,14.9,6,0.135,0.196,0.625,0.002345408
Brand Y,32684,222,28.9,3,0.305,0.756,0.25,0.005019887
Brand Z,95983,271,19.6,7,0.4275,0.384,0.75,0.002037653
Brand X,89267,204,24.9,8,0.26,0.596,0.875,0.001683377
Brand X,33850,408,30.5,8,0.77,0.82,0.875,0.008707533
Brand W,84671,152,16.5,1,0.13,0.26,0,0.00131509
Brand W,54081,212,18,1,0.28,0.32,0,0.002843882
Brand C,57404,357,34.2,6,0.6425,0.968,0.625,0.004532088
Brand Z,76085,477,15.8,7,0.9425,0.232,0.75,0.004450812
Brand E,94629,414,25.3,2,0.785,0.612,0.125,0.003142694
Brand C,39722,415,10.2,6,0.7875,0.008,0.625,0.007390363
Brand Z,75163,176,17.9,7,0.19,0.316,0.75,0.001710549
Brand A,82723,175,25.7,4,0.1875,0.628,0.375,0.001574048
Brand D,69648,242,34,9,0.355,0.96,1,0.002578681
Brand B,36457,119,31.3,5,0.0475,0.852,0.5,0.002542447
Brand D,73006,175,24.4,9,0.1875,0.576,1,0.00177821
Brand E,58809,487,18.4,2,0.9675,0.336,0.125,0.005890595
Brand C,60421,472,30.8,6,0.93,0.832,0.625,0.005621224
Brand B,60815,343,20.1,5,0.6075,0.404,0.5,0.004047192
Brand Y,82142,423,21.5,3,0.8075,0.46,0.25,0.003683256
Brand Y,99304,449,25.8,3,0.8725,0.632,0.25,0.003242971
Brand C,67139,196,16.9,6,0.24,0.276,0.625,0.002119037
Brand X,72244,209,17,8,0.2725,0.28,0.875,0.002095676
Brand D,81681,137,18.5,9,0.0925,0.34,1,0.001242027
Brand X,96377,102,12.1,8,0.005,0.084,0.875,0.000778505
Brand X,96461,214,28.5,8,0.285,0.74,0.875,0.001641596
Brand W,49762,128,34,1,0.07,0.96,0,0.002005546
Brand E,34119,453,17.6,2,0.8825,0.304,0.125,0.009448694
Brand A,48537,181,23.4,4,0.2025,0.536,0.375,0.002755012
Brand X,94739,381,22.8,8,0.7025,0.512,0.875,0.002887301
Brand Y,41256,478,20.8,3,0.945,0.432,0.25,0.008261586
Brand D,80533,220,28.3,9,0.3,0.732,1,0.002017682
Brand D,71517,393,34.2,9,0.7325,0.968,1,0.0039901
Brand A,73334,406,14.3,4,0.765,0.172,0.375,0.003933919
Brand W,50421,262,12.3,1,0.405,0.092,0,0.003710557
Brand B,48526,442,13.6,5,0.855,0.144,0.5,0.006460042
Brand Y,72626,440,21.1,3,0.85,0.444,0.25,0.004328064
Brand Y,60759,138,29.2,3,0.095,0.768,0.25,0.001734064
Brand A,33431,327,33,4,0.5675,0.92,0.375,0.007143071
Brand D,64870,259,31.7,9,0.3975,0.868,1,0.002941421
Brand B,70915,375,29.4,5,0.6875,0.776,0.5,0.003825989
Brand D,35527,203,34,9,0.2575,0.96,1,0.00428688
Brand A,38953,121,25.9,4,0.0525,0.636,0.375,0.002373886
Brand W,49106,393,12.9,1,0.7325,0.116,0,0.005680976
Brand W,50976,350,29.7,1,0.625,0.788,0,0.004980971
Brand W,88322,371,31.7,1,0.6775,0.868,0,0.003048051
Brand Y,99437,364,13.1,3,0.66,0.124,0.25,0.002601949
Brand W,66089,133,15.1,1,0.0825,0.204,0,0.00147725
Brand B,51585,372,17.5,5,0.68,0.3,0.5,0.005149753
Brand Z,61643,206,16.2,7,0.265,0.248,0.75,0.002418117
Brand B,40277,264,26.3,5,0.41,0.652,0.5,0.00478412
Brand E,49230,261,23.2,2,0.4025,0.528,0.125,0.003852529
Brand D,99979,369,28.2,9,0.6725,0.728,1,0.00266816
Brand A,52740,302,29.1,4,0.505,0.764,0.375,0.004173872
Brand D,95643,160,11.1,9,0.15,0.044,1,0.001205838
Brand E,71590,349,20.9,2,0.6225,0.436,0.125,0.00350007
Brand D,33755,249,34.8,9,0.3725,0.992,1,0.005472967
Brand Y,41844,130,11.7,3,0.075,0.068,0.25,0.002258627
Brand Y,80517,167,18.2,3,0.1675,0.328,0.25,0.001519679
Brand W,49461,301,13.7,1,0.5025,0.148,0,0.004343018
Brand E,30667,239,15,2,0.3475,0.2,0.125,0.005602113
Brand A,91753,196,25.5,4,0.24,0.62,0.375,0.001578695
Brand B,78913,396,26.5,5,0.74,0.66,0.5,0.003613473
Brand C,79572,455,27,6,0.8875,0.68,0.625,0.004104459
Brand Y,82088,321,32.7,3,0.5525,0.908,0.25,0.002856812
Brand D,63779,498,34.3,9,0.995,0.972,1,0.005627087
Brand A,30024,349,15.9,4,0.6225,0.236,0.375,0.008295697
Brand A,53227,451,26.9,4,0.8775,0.676,0.375,0.006082815
Brand Y,49842,412,14.5,3,0.78,0.18,0.25,0.00587356
Brand X,58314,222,12.5,8,0.305,0.1,0.875,0.00272919
Brand A,73887,407,10.5,4,0.7675,0.02,0.375,0.003898521
Brand Y,55940,408,26.3,3,0.77,0.652,0.25,0.005246514
Brand D,40672,188,28.1,9,0.22,0.724,1,0.003442909
Brand E,79349,426,18.7,2,0.815,0.348,0.125,0.003828782
Brand C,52431,398,18.8,6,0.745,0.352,0.625,0.00542122
Brand X,56322,225,14.3,8,0.3125,0.172,0.875,0.00287259
Brand C,31816,376,11.9,6,0.69,0.076,0.625,0.008384775
Brand B,98141,412,31.9,5,0.78,0.876,0.5,0.003036142
Brand B,97568,380,13.9,5,0.7,0.156,0.5,0.002769043
Brand X,62821,250,10.4,8,0.375,0.016,0.875,0.002835358
Brand A,47132,104,33.9,4,0.01,0.956,0.375,0.001760375
Brand E,68470,169,20.5,2,0.1725,0.42,0.125,0.001817584
Brand Y,45260,444,29.5,3,0.86,0.78,0.25,0.007062528
Brand D,49157,403,16.2,9,0.7575,0.248,1,0.005837622
Brand D,36278,475,18.2,9,0.9375,0.328,1,0.009315839
Brand X,74454,133,14.1,8,0.0825,0.164,0.875,0.00130725
Brand Z,65710,128,21,7,0.07,0.44,0.75,0.001459443
Brand X,52075,284,31.2,8,0.46,0.848,0.875,0.003997312
Brand Y,66531,381,11.1,3,0.7025,0.044,0.25,0.004058709
Brand A,46753,419,17.5,4,0.7975,0.3,0.375,0.006385686
Brand E,36102,308,15.1,2,0.52,0.204,0.125,0.006097446
Brand E,51627,269,22.9,2,0.4225,0.516,0.125,0.003780386
Brand W,83049,174,33.5,1,0.185,0.94,0,0.001587617
Brand E,45201,427,31.7,2,0.8175,0.868,0.125,0.006823079
Brand C,44911,166,32,6,0.165,0.88,0.625,0.002801095
Brand C,51087,117,33.4,6,0.0425,0.936,0.625,0.001799284
Brand A,77227,185,21.8,4,0.2125,0.472,0.375,0.00176156
Brand X,88092,428,14.2,8,0.82,0.168,0.875,0.003449348
Brand E,90663,140,26.3,2,0.1,0.652,0.125,0.001167952
Brand E,70215,176,28.3,2,0.19,0.732,0.125,0.001875525
Brand Z,43713,336,32.9,7,0.59,0.916,0.75,0.005606341
Brand X,79645,192,16,8,0.23,0.24,0.875,0.001747756
Brand Y,38803,420,25.6,3,0.8,0.624,0.25,0.007774657
Brand A,45787,228,27.9,4,0.32,0.716,0.375,0.003668509
Brand B,64143,347,25,5,0.6175,0.6,0.5,0.003903777
Brand Y,47139,194,31.4,3,0.235,0.856,0.25,0.003080676
Brand Z,46302,383,12.9,7,0.7075,0.116,0.75,0.005873828
Brand W,34830,315,33.2,1,0.5375,0.928,0,0.00661671
Brand Z,56555,200,31.1,7,0.25,0.844,0.75,0.002640439
Brand C,86313,387,14.4,6,0.7175,0.176,0.625,0.003188627
Brand Y,83440,252,14.7,3,0.38,0.188,0.25,0.002166946
Brand Z,44961,471,32.5,7,0.9275,0.9,0.75,0.007549877
Brand W,64475,357,31.2,1,0.6425,0.848,0,0.004021093
Brand B,63805,296,15.9,5,0.49,0.236,0.5,0.003322153
Brand E,71848,472,20.1,2,0.93,0.404,0.125,0.004682524
Brand D,35720,218,22.6,9,0.295,0.504,1,0.004461926
Brand X,57401,314,31.2,8,0.535,0.848,0.875,0.003992265
Brand Z,32510,207,34.3,7,0.2675,0.972,0.75,0.004773608
Brand E,83063,417,13.1,2,0.7925,0.124,0.125,0.003561514
Brand C,44528,239,16.3,6,0.3475,0.252,0.625,0.003867005
Brand D,31065,405,14.9,9,0.7625,0.196,1,0.009269918
Brand X,84752,397,31.2,8,0.7425,0.848,0.875,0.003389419
Brand Z,32209,422,32.5,7,0.805,0.9,0.75,0.00947406
Brand Y,51984,177,34.7,3,0.1925,0.988,0.25,0.00258368
Brand D,37992,342,26.2,9,0.605,0.648,1,0.006508212
Brand B,69943,274,15.8,5,0.435,0.232,0.5,0.002810002
Brand X,59626,265,23.7,8,0.4125,0.548,0.875,0.003230302
Brand E,31282,480,24.6,2,0.95,0.584,0.125,0.01097692
Brand W,76374,500,26.3,1,1,0.652,0,0.004686019
Brand B,36798,461,31.9,5,0.9025,0.876,0.5,0.009029567
Brand E,86743,178,21.9,2,0.195,0.476,0.125,0.001512168
Brand D,72522,272,12.5,9,0.43,0.1,1,0.002677119
Brand Y,59179,401,19.1,3,0.7525,0.364,0.25,0.004840062
Brand E,88828,317,16,2,0.5425,0.24,0.125,0.002552123
Brand W,34099,395,12.4,1,0.7375,0.096,0,0.008217836
Brand X,54533,181,15.7,8,0.2025,0.228,0.875,0.002409734
Brand A,70835,302,11.5,4,0.505,0.06,0.375,0.003033105
Brand D,96273,317,10.4,9,0.5425,0.016,1,0.002337312
Brand X,52627,431,28.5,8,0.8275,0.74,0.875,0.005895263
Brand D,60078,115,10.3,9,0.0375,0.012,1,0.001391358
Brand W,83011,349,28.7,1,0.6225,0.748,0,0.003046705
Brand C,51934,453,28,6,0.8825,0.72,0.625,0.00626757
Brand Z,83121,482,10.5,7,0.955,0.02,0.75,0.004097039
Brand X,76878,422,14.1,8,0.805,0.164,0.875,0.003897474
Brand C,93627,278,34.4,6,0.445,0.976,0.625,0.002188685
Brand A,91729,325,19.8,4,0.5625,0.392,0.375,0.002544888
Brand C,95216,146,18.4,6,0.115,0.336,0.625,0.001131322
Brand W,80362,114,20.3,1,0.035,0.412,0,0.001068789
Brand Z,59416,140,12.6,7,0.1,0.104,0.75,0.001713007
Brand D,48545,198,19.2,9,0.245,0.368,1,0.002973736
Brand W,60640,358,34.6,1,0.645,0.984,0,0.00430376
Brand Z,94823,233,30.6,7,0.3325,0.824,0.75,0.001816859
Brand Y,39046,500,21.6,3,1,0.464,0.25,0.009129744
Brand W,80807,283,32.1,1,0.4575,0.884,0,0.002570693
Brand D,44152,431,13.5,9,0.8275,0.14,1,0.006924941
Brand Z,52923,188,29.8,7,0.22,0.792,0.75,0.002655556
Brand B,49126,450,20.5,5,0.875,0.42,0.5,0.006537272
Brand A,79871,261,33.8,4,0.4025,0.952,0.375,0.002414393
Brand Y,64565,294,16.2,3,0.485,0.248,0.25,0.003262758
Brand X,96840,208,27.7,8,0.27,0.708,0.875,0.001589323
Brand D,59222,407,11.9,9,0.7675,0.076,1,0.004870994
Brand B,38150,354,10.4,5,0.635,0.016,0.5,0.006577195
Brand E,37538,160,23.2,2,0.15,0.528,0.125,0.003169055
Brand B,94784,134,18.1,5,0.085,0.324,0.5,0.001046907
Brand B,90681,376,15.8,5,0.69,0.232,0.5,0.002954753
Brand D,81189,457,21.2,9,0.8925,0.448,1,0.004018525
Brand B,33926,255,15.9,5,0.3875,0.236,0.5,0.005402052
Brand D,73434,438,31,9,0.845,0.84,1,0.004301822
Brand B,50046,318,16.7,5,0.545,0.268,0.5,0.004548016
Brand D,94527,183,14.8,9,0.2075,0.192,1,0.001402139
Brand W,94111,425,19.5,1,0.8125,0.38,0,0.003223321
Brand A,31181,451,13.4,4,0.8775,0.136,0.375,0.01025368
Brand Z,37351,176,12.8,7,0.19,0.112,0.75,0.003401248
Brand Y,86551,128,29.4,3,0.07,0.776,0.25,0.001137133
Brand Y,66206,349,12,3,0.6225,0.08,0.25,0.003744374
Brand A,71051,294,31.9,4,0.485,0.876,0.375,0.003031203
Brand C,48022,139,15.9,6,0.0975,0.236,0.625,0.002125484
Brand C,89476,339,30.3,6,0.5975,0.812,0.625,0.002753699
Brand E,98144,222,24.4,2,0.305,0.576,0.125,0.001657972
Brand Z,57238,117,21.3,7,0.0425,0.452,0.75,0.001542507
Brand E,93290,136,35,2,0.09,1,0.125,0.001133026
Brand W,60377,200,14.7,1,0.25,0.188,0,0.002391805
Brand Z,39260,210,17.7,7,0.275,0.308,0.75,0.003879521
Brand Z,34022,313,25.3,7,0.5325,0.612,0.75,0.006663042
Brand A,31662,203,22.5,4,0.2575,0.5,0.375,0.004701219
Brand D,32407,356,12.1,9,0.64,0.084,1,0.00780171
Brand C,92237,224,28,6,0.31,0.72,0.625,0.001791038
Brand A,54785,140,23.5,4,0.1,0.54,0.375,0.001917496
Brand W,34963,290,11.8,1,0.475,0.072,0,0.005907388
Brand A,54414,213,10.2,4,0.2825,0.008,0.375,0.002796339
Brand Z,87011,137,20.4,7,0.0925,0.416,0.75,0.001172495
Brand A,46033,476,17.1,4,0.94,0.284,0.375,0.007349727
Brand A,76676,371,28.2,4,0.6775,0.728,0.375,0.003497313
Brand E,40731,159,22.6,2,0.1475,0.504,0.125,0.00289902
Brand Y,43186,291,30.7,3,0.4775,0.828,0.25,0.00493007
Brand A,95882,253,11.5,4,0.3825,0.06,0.375,0.001883044
Brand W,34332,292,31.3,1,0.48,0.852,0,0.006227135
Brand W,53068,378,13.7,1,0.695,0.148,0,0.005063503
Brand A,68892,349,24.7,4,0.6225,0.588,0.375,0.00365369
Brand C,71916,431,12.9,6,0.8275,0.116,0.625,0.004248985
Brand E,88439,435,20.7,2,0.8375,0.428,0.125,0.003513269
Brand B,64747,447,11.3,5,0.8675,0.052,0.5,0.004885014
Brand W,86496,367,19.1,1,0.6675,0.364,0,0.003036325
Brand X,80716,349,13.6,8,0.6225,0.144,0.875,0.003077209
Brand B,55385,340,33.3,5,0.6,0.932,0.5,0.004477566
Brand D,59933,499,32.9,9,0.9975,0.916,1,0.005992859
Brand A,92412,275,25.5,4,0.4375,0.62,0.375,0.002165844
Brand C,98367,461,16.5,6,0.9025,0.26,0.625,0.003330893
Brand E,48129,130,29.4,2,0.075,0.776,0.125,0.002074009
Brand A,94547,183,24.2,4,0.2075,0.568,0.375,0.001431669
Brand W,95301,132,18.9,1,0.08,0.356,0,0.001029055
Brand Y,30001,465,21.2,3,0.9125,0.448,0.25,0.011061631
Brand D,36707,332,26.9,9,0.58,0.676,1,0.006551067
Brand D,33309,365,11.8,9,0.6625,0.072,1,0.007776877
Brand Y,36337,359,29.4,3,0.6475,0.776,0.25,0.007158544
Brand D,97053,304,21,9,0.51,0.44,1,0.002257529
Brand B,58528,234,10,5,0.335,0,0.5,0.002849918
Brand D,31838,431,26.1,9,0.8275,0.644,1,0.00972203
Brand C,75088,381,18.3,6,0.7025,0.332,0.625,0.003624947
Brand E,68508,231,28.1,2,0.3275,0.724,0.125,0.00248336
Brand D,57521,259,30.1,9,0.3975,0.804,1,0.003308878
Brand X,90593,474,34.1,8,0.935,0.964,0.875,0.003775457
Brand W,65049,189,27.6,1,0.2225,0.704,0,0.00216114
Brand B,44761,452,16.2,5,0.88,0.248,0.5,0.00717723
Brand E,94754,472,30.6,2,0.93,0.824,0.125,0.003583806
Brand X,41610,384,13.2,8,0.71,0.128,0.875,0.006555155
Brand B,96605,109,24.5,5,0.0225,0.58,0.5,0.000865897
Brand C,92009,361,28.4,6,0.6525,0.736,0.625,0.00283907
Brand A,49750,175,23.1,4,0.1875,0.524,0.375,0.002601608
Brand A,75846,375,12.5,4,0.6875,0.1,0.375,0.003510403
Brand D,78270,169,30.5,9,0.1725,0.82,1,0.001628338
Brand Z,52276,396,19.6,7,0.74,0.384,0.75,0.005415104
Brand X,66744,224,12.3,8,0.31,0.092,0.875,0.002404561
Brand A,48512,163,19.5,4,0.1575,0.38,0.375,0.002472584
Brand D,67754,244,20.1,9,0.36,0.404,1,0.002609883
Brand C,85226,452,11.3,6,0.88,0.052,0.625,0.003752259
Brand Y,44910,274,21.1,3,0.435,0.444,0.25,0.004411712
Brand E,91232,437,30.6,2,0.8425,0.824,0.125,0.003453613
Brand A,34537,246,25.4,4,0.365,0.616,0.375,0.00520659
Brand A,31600,482,29.1,4,0.955,0.764,0.375,0.010953481
Brand Y,52864,102,21.4,3,0.005,0.456,0.25,0.001472079
Brand E,66118,340,27.9,2,0.6,0.716,0.125,0.003726217
Brand B,98850,406,15.8,5,0.765,0.232,0.5,0.002923015
Brand C,49858,102,25.4,6,0.005,0.616,0.625,0.001584901
Brand E,49241,218,20.2,2,0.295,0.408,0.125,0.003222112
Brand C,59276,342,17.7,6,0.605,0.308,0.625,0.004128315
Brand C,50206,294,16.5,6,0.485,0.26,0.625,0.004197705
Brand C,32898,258,22.9,6,0.395,0.516,0.625,0.005698523
Brand Y,85356,335,24.6,3,0.5875,0.584,0.25,0.002833779
Brand X,64204,477,34.8,8,0.9425,0.992,0.875,0.005363217
Brand Y,34756,157,30.2,3,0.1425,0.808,0.25,0.003422718
Brand D,72671,169,26.5,9,0.1725,0.66,1,0.001737282
Brand Z,46419,275,31.6,7,0.4375,0.864,0.75,0.004351235
Brand X,78019,433,30,8,0.8325,0.8,0.875,0.004000308
Brand W,42693,299,28.5,1,0.4975,0.74,0,0.00510271
Brand W,65817,345,23.3,1,0.6125,0.532,0,0.003775468
Brand Y,55438,120,33.2,3,0.05,0.928,0.25,0.001694866
Brand W,72982,406,27.5,1,0.765,0.7,0,0.004007152
Brand B,85253,332,24.4,5,0.58,0.576,0.5,0.002811866
Brand W,55823,174,18.3,1,0.185,0.332,0,0.002280243
Brand C,75343,361,34.5,6,0.6525,0.98,0.625,0.003491366
Brand Z,99025,342,12,7,0.605,0.08,0.75,0.002453926
Brand A,83617,249,10.3,4,0.3725,0.012,0.375,0.002121459
Brand W,70713,271,19.8,1,0.4275,0.392,0,0.002766677
Brand Z,78792,301,17.7,7,0.5025,0.308,0.75,0.002741522
Brand D,71902,453,24.5,9,0.8825,0.58,1,0.004512392
Brand D,51423,100,10.2,9,0,0.008,1,0.001420765
Brand X,65501,269,25,8,0.4225,0.6,0.875,0.002989267
Brand Z,94683,407,30.4,7,0.7675,0.816,0.75,0.003105309
Brand B,56270,378,31.7,5,0.695,0.868,0.5,0.004871335
Brand B,83684,131,18.6,5,0.0775,0.344,0.5,0.001162468
Brand C,38896,431,34.1,6,0.8275,0.964,0.625,0.008019591
Brand Y,50761,184,16.8,3,0.21,0.272,0.25,0.00263667
Brand Y,33463,424,11.5,3,0.81,0.06,0.25,0.008972597
Brand W,88506,261,19.4,1,0.4025,0.376,0,0.002130025
Brand A,44379,170,26.8,4,0.175,0.672,0.375,0.002862615
Brand A,86056,100,18.3,4,0,0.332,0.375,0.000877219
Brand B,31436,114,27.4,5,0.035,0.696,0.5,0.002799975
Brand D,62879,128,14.3,9,0.07,0.172,1,0.001493185
Brand E,44018,476,24.1,2,0.94,0.564,0.125,0.007733882
Brand C,49594,175,24.6,6,0.1875,0.584,0.625,0.002618865
Brand Y,58403,198,26.3,3,0.245,0.652,0.25,0.002508262
Brand D,45321,436,19.5,9,0.84,0.38,1,0.006863264
Brand D,47666,270,20.7,9,0.425,0.428,1,0.004095372
Brand C,76017,132,22.9,6,0.08,0.516,0.625,0.001305892
Brand A,89863,340,29.7,4,0.6,0.788,0.375,0.002747627
Brand C,65121,400,29.1,6,0.75,0.764,0.625,0.004433746
Brand A,33376,472,11.2,4,0.93,0.048,0.375,0.01
Brand B,39241,346,10.8,5,0.615,0.032,0.5,0.006254683
Brand W,76602,180,29,1,0.2,0.76,0,0.00175844
Brand E,46762,131,33.4,2,0.0775,0.936,0.125,0.002175271
Brand A,78386,408,29,4,0.77,0.76,0.375,0.003754497
Brand W,54810,210,20,1,0.275,0.4,0,0.002791461
Brand E,36639,115,18.8,2,0.0375,0.352,0.125,0.002351047
Brand B,48905,484,20.7,5,0.96,0.428,0.5,0.007054698
Brand E,90904,497,16.1,2,0.9925,0.244,0.125,0.003880247
Brand W,99480,381,16.4,1,0.7025,0.256,0,0.002730398
Brand E,86931,226,17.3,2,0.315,0.292,0.125,0.001879537
Brand X,30973,329,33.9,8,0.5725,0.956,0.875,0.007763859
Brand C,45142,234,10.7,6,0.335,0.028,0.625,0.003699659
Brand Z,47384,293,15.8,7,0.4825,0.232,0.75,0.004428499
Brand Z,64485,378,25.5,7,0.695,0.62,0.75,0.004221912
Brand Z,97568,210,11.1,7,0.275,0.044,0.75,0.001540772
Brand C,66689,137,16.7,6,0.0925,0.268,0.625,0.001513143
Brand Z,71316,293,31.3,7,0.4825,0.852,0.75,0.0030076
Brand D,84341,152,16,9,0.13,0.24,1,0.001318457
Brand Y,64313,246,23.3,3,0.365,0.532,0.25,0.002786217
Brand Y,50237,470,11.6,3,0.925,0.064,0.25,0.00661823
Brand W,31847,167,11.7,1,0.1675,0.068,0,0.00378089
Brand X,98447,430,30,8,0.825,0.8,0.875,0.003148902
Brand D,91221,374,18.2,9,0.685,0.328,1,0.002929808
Brand B,66445,143,17.8,5,0.1075,0.312,0.5,0.001586876
Brand A,83235,321,14.7,4,0.5525,0.188,0.375,0.002752568
Brand Y,65593,153,22.9,3,0.1325,0.516,0.25,0.001737533
Brand Z,85764,195,25.3,7,0.2375,0.612,0.75,0.001680076
Brand D,78500,285,28.9,9,0.4625,0.756,1,0.002651847
Brand A,74535,223,15.3,4,0.3075,0.212,0.375,0.0021559
Brand D,31302,324,22,9,0.56,0.48,1,0.007456393
Brand E,92519,452,10.2,2,0.88,0.008,0.125,0.003452912
Brand Y,72976,479,13.8,3,0.9475,0.152,0.25,0.004651392
Brand Y,39822,396,19.7,3,0.74,0.388,0.25,0.007109387
Brand E,93107,386,27.4,2,0.715,0.696,0.125,0.002990323
Brand A,48612,206,17,4,0.265,0.28,0.375,0.003071258
Brand Y,88829,483,20.5,3,0.9575,0.42,0.25,0.003875424
Brand X,39856,323,23.2,8,0.5575,0.528,0.875,0.005847551
Brand W,78459,273,18,1,0.4325,0.32,0,0.002504493
Brand E,55791,310,16.4,2,0.525,0.256,0.125,0.003977702
Brand C,75063,387,19.6,6,0.7175,0.384,0.625,0.003687303
Brand A,56764,289,21.4,4,0.4725,0.456,0.375,0.003676978
Brand E,44259,190,16,2,0.225,0.24,0.125,0.003113491
Brand D,37382,316,18.3,9,0.54,0.332,1,0.006064149
Brand X,87028,153,26.1,8,0.1325,0.644,0.875,0.001320609
Brand D,30943,341,19.5,9,0.6025,0.38,1,0.007903241
Brand Z,61144,121,21,7,0.0525,0.44,0.75,0.00148829
Brand C,71918,337,27,6,0.5925,0.68,0.625,0.003392753
Brand D,77096,277,18.8,9,0.4425,0.352,1,0.002588202
Brand Y,49574,279,12.2,3,0.4475,0.088,0.25,0.004013394
Brand B,39363,375,20,5,0.6875,0.4,0.5,0.006821126
Brand B,34221,332,18.5,5,0.58,0.34,0.5,0.006953333
Brand E,88438,168,24.5,2,0.17,0.58,0.125,0.001412854
Brand A,50353,369,27.8,4,0.6725,0.712,0.375,0.005295414
Brand E,63800,242,35,2,0.355,1,0.125,0.002819749
Brand B,90449,296,21,5,0.49,0.44,0.5,0.002360446
Brand B,60938,322,34.3,5,0.555,0.972,0.5,0.003867702
Brand D,33106,205,19.6,9,0.2625,0.384,1,0.004512173
Brand Y,51122,481,13.7,3,0.9525,0.148,0.25,0.006666601
Brand B,71185,307,21.6,5,0.5175,0.464,0.5,0.003109925
Brand C,75183,101,17.3,6,0.0025,0.292,0.625,0.001009404
Brand C,31727,211,13.9,6,0.2775,0.156,0.625,0.004786775
Brand D,76106,220,17.6,9,0.3,0.304,1,0.00209287
Brand D,63561,294,31.1,9,0.485,0.844,1,0.003384623
Brand W,53323,172,16.9,1,0.18,0.276,0,0.002353018
Brand E,80449,108,27.1,2,0.02,0.684,0.125,0.001040784
Brand B,91533,292,34.4,5,0.48,0.976,0.5,0.002345821
Brand X,31005,280,29.9,8,0.45,0.796,0.875,0.006610869
Brand B,76365,250,23.7,5,0.375,0.548,0.5,0.002384731
Brand E,68841,373,19.5,2,0.6825,0.38,0.125,0.003877776
Brand Z,72771,393,34.9,7,0.7325,0.996,0.75,0.003924228
Brand W,87291,308,26.2,1,0.52,0.648,0,0.002559943
Brand X,83533,127,25.5,8,0.0675,0.62,0.875,0.001155831
Brand C,56332,376,20.5,6,0.69,0.42,0.625,0.004781474
Brand E,76522,248,28.4,2,0.37,0.736,0.125,0.002379969
Brand B,38192,496,22.3,5,0.99,0.492,0.5,0.009266077
Brand C,69835,484,13.9,6,0.96,0.156,0.625,0.004911148
Brand A,70902,246,30.6,4,0.365,0.824,0.375,0.002558179
Brand C,64592,330,29.5,6,0.575,0.78,0.625,0.003713308
Brand W,75839,343,22.2,1,0.6075,0.488,0,0.003253735
Brand B,32522,492,23.1,5,0.98,0.524,0.5,0.010802841
Brand Z,36535,433,18.1,7,0.8325,0.324,0.75,0.008444779
Brand Y,88046,168,33.5,3,0.17,0.94,0.25,0.00144981
Brand A,59600,349,24.2,4,0.6225,0.568,0.375,0.004220805
Brand X,35908,182,31.9,8,0.205,0.876,0.875,0.00381447
Brand W,72974,150,33.1,1,0.125,0.924,0,0.001574945
Brand W,53806,497,19.4,1,0.9925,0.376,0,0.006573988
Brand E,54205,264,16.8,2,0.41,0.272,0.125,0.00350226
Brand E,55313,473,18.3,2,0.9325,0.332,0.125,0.006085188
Brand B,71229,359,12.9,5,0.6475,0.116,0.5,0.003582389
Brand W,66275,323,13.7,1,0.5575,0.148,0,0.003473557
Brand X,84850,188,15.8,8,0.22,0.232,0.875,0.001606836
Brand E,61812,185,33,2,0.2125,0.92,0.125,0.002255226
Brand Z,72235,253,14.3,7,0.3825,0.172,0.75,0.00251111
Brand Y,58407,387,33.1,3,0.7175,0.924,0.25,0.004808157
Brand D,80985,172,20.1,9,0.18,0.404,1,0.001561153
Brand A,40398,150,30.1,4,0.125,0.804,0.375,0.002822664
Brand C,55465,400,11.4,6,0.75,0.056,0.625,0.005109889
Brand Z,31743,186,31.5,7,0.215,0.86,0.75,0.004399395
Brand Y,77180,260,31.1,3,0.4,0.844,0.25,0.00247901
Brand E,81336,446,34.1,2,0.865,0.964,0.125,0.003964173
Brand D,42672,165,26.2,9,0.1625,0.648,1,0.002890889
Brand D,44391,285,24.8,9,0.4625,0.592,1,0.004661756
Brand W,76034,275,15.1,1,0.4375,0.204,0,0.002591341
Brand A,96484,444,28.9,4,0.86,0.756,0.375,0.003311119
Brand B,38850,456,32.3,5,0.89,0.892,0.5,0.008465637
Brand X,86932,282,32.7,8,0.455,0.908,0.875,0.002383587
Brand C,35956,333,11.6,6,0.5825,0.064,0.625,0.006579709
Brand W,86440,270,26.2,1,0.425,0.648,0,0.002277418
Brand W,75155,313,12.7,1,0.5325,0.108,0,0.002966004
Brand E,82161,188,35,2,0.22,1,0.125,0.001729531
Brand A,38930,242,20,4,0.355,0.4,0.375,0.004505523
Brand D,69829,359,28.3,9,0.6475,0.732,1,0.003720374
Brand X,45330,309,23.4,8,0.5225,0.536,0.875,0.004926539
Brand Y,35114,318,33.7,3,0.545,0.948,0.25,0.006627271
Brand X,48390,252,25.7,8,0.38,0.628,0.875,0.003804712
Brand D,99608,346,12.1,9,0.615,0.084,1,0.002467974
Brand X,91753,337,13.3,8,0.5925,0.132,0.875,0.002614519
Brand X,37796,388,10.4,8,0.72,0.016,0.875,0.007268494
Brand B,50165,366,23.7,5,0.665,0.548,0.5,0.005248879
Brand C,60479,432,24.8,6,0.83,0.592,0.625,0.005123101
Brand A,65286,201,15.9,4,0.2525,0.236,0.375,0.002228196
Brand C,95003,378,21.8,6,0.695,0.472,0.625,0.002854015
Brand Y,64309,252,23.2,3,0.38,0.528,0.25,0.002851234
Brand B,71281,152,24.1,5,0.13,0.564,0.5,0.001594113
Brand C,92767,278,15.3,6,0.445,0.212,0.625,0.002147208
Brand E,81021,486,11,2,0.965,0.04,0.125,0.004239642
Brand Y,58605,146,15.1,3,0.115,0.204,0.25,0.001821176
Brand A,66807,379,25.4,4,0.6975,0.616,0.375,0.004085201
Brand C,85904,372,11.8,6,0.68,0.072,0.625,0.0030725
Brand C,32628,416,33.3,6,0.79,0.932,0.625,0.009231029
Brand D,91079,372,17.3,9,0.68,0.292,1,0.00291604
Brand W,41076,470,24.8,1,0.925,0.592,0,0.008190671
Brand Z,60237,387,22.8,7,0.7175,0.512,0.75,0.004610787
Brand X,92877,340,34.9,8,0.6,0.996,0.875,0.002675259
Brand D,76630,422,10.8,9,0.805,0.032,1,0.003897168
Brand Z,96625,413,12.2,7,0.7825,0.088,0.75,0.003029858
Brand X,90523,361,10.5,8,0.6525,0.02,0.875,0.002826354
Brand W,58818,484,17.2,1,0.96,0.288,0,0.00584787
Brand W,64867,299,13.3,1,0.4975,0.132,0,0.003288113
Brand D,83017,291,32.8,9,0.4775,0.912,1,0.002572244
Brand A,96630,244,13.6,4,0.36,0.144,0.375,0.00180979
Brand D,70614,207,33.7,9,0.2675,0.948,1,0.002195174
Brand B,49723,295,12.6,5,0.4875,0.104,0.5,0.004229029
Brand X,43467,110,35,8,0.025,1,0.875,0.002013021
Brand B,67384,201,12.8,5,0.2525,0.112,0.5,0.00214502
Brand E,68669,202,28.3,2,0.255,0.732,0.125,0.00218279
Brand X,75586,238,26.3,8,0.345,0.652,0.875,0.002308496
Brand D,68136,172,30.2,9,0.18,0.808,1,0.001900023
Brand C,56032,329,13.8,6,0.5725,0.152,0.625,0.004184038
Brand Y,97259,314,33.2,3,0.535,0.928,0.25,0.002362352
Brand C,97974,170,20.7,6,0.175,0.428,0.625,0.001277992
Brand E,80007,218,23.6,2,0.295,0.544,0.125,0.001995825
Brand Y,42677,153,12.7,3,0.1325,0.108,0.25,0.002598824
Brand Z,63670,215,28.9,7,0.2875,0.756,0.75,0.002499921
Brand Z,37521,197,23.4,7,0.2425,0.536,0.75,0.00386237
Brand X,67829,443,28.1,8,0.8575,0.724,0.875,0.004696074
Brand A,43999,481,12.3,4,0.9525,0.092,0.375,0.007736312
Brand B,39646,452,16,5,0.88,0.24,0.5,0.0081017
Brand C,72030,305,10.5,6,0.5125,0.02,0.625,0.003007775
Brand W,54784,294,14.7,1,0.485,0.188,0,0.003837069
Brand E,89287,392,14.3,2,0.73,0.172,0.125,0.003121283
Brand B,46593,270,32.5,5,0.425,0.9,0.5,0.004265662
Brand W,88187,436,28,1,0.84,0.72,0,0.00355608
Brand E,84484,315,23.2,2,0.5375,0.528,0.125,0.002692344
Brand X,69389,372,28.4,8,0.68,0.736,0.875,0.003875542
Brand B,98972,251,16.7,5,0.3775,0.268,0.5,0.00182587
Brand E,56475,191,21.4,2,0.2275,0.456,0.125,0.002481098
Brand X,86108,369,15.1,8,0.6725,0.204,0.875,0.00305233
Brand C,38746,406,16.9,6,0.765,0.276,0.625,0.007465803
Brand Y,80184,100,30.6,3,0,0.824,0.25,0.000987479
Brand E,77171,309,28.6,2,0.5225,0.744,0.125,0.002914048
Brand D,88021,455,24.7,9,0.8875,0.588,1,0.003702639
Brand Z,77372,190,31.2,7,0.225,0.848,0.75,0.001839942
Brand D,62175,393,23.5,9,0.7325,0.54,1,0.004537998
Brand C,90777,365,27.8,6,0.6625,0.712,0.625,0.002906463
Brand E,56164,239,25.8,2,0.3475,0.632,0.125,0.003116587
Brand D,64275,270,19,9,0.425,0.36,1,0.003029172
Brand A,86236,414,33.6,4,0.785,0.944,0.375,0.003477434
Brand Z,44930,136,16.4,7,0.09,0.256,0.75,0.002228355
Brand X,95270,349,23.9,8,0.6225,0.556,0.875,0.002639551
Brand A,89794,199,11.3,4,0.2475,0.052,0.375,0.001589082
Brand D,97961,138,30,9,0.095,0.8,1,0.00107798
Brand Z,85449,356,13,7,0.64,0.12,0.75,0.002962001
Brand X,33159,473,25.3,8,0.9325,0.612,0.875,0.01021412
Brand E,60429,411,18.3,2,0.7775,0.332,0.125,0.00485181
Brand Y,41836,205,13.6,3,0.2625,0.144,0.25,0.003527584
Brand B,77828,494,33.8,5,0.985,0.952,0.5,0.004573418
Brand Z,32643,458,28.8,7,0.895,0.752,0.75,0.010086083
Brand W,71043,170,31.2,1,0.175,0.848,0,0.001806793
Brand C,76510,378,26.4,6,0.695,0.656,0.625,0.003561887
Brand W,94025,172,19.6,1,0.18,0.384,0,0.001343047
Brand B,77633,363,28.1,5,0.6575,0.724,0.5,0.00338168
Brand X,74483,167,18.5,8,0.1675,0.34,0.875,0.001643999
Brand W,33916,154,28.1,1,0.135,0.724,0,0.003426996
Brand D,79732,231,18.1,9,0.3275,0.324,1,0.002096147
Brand E,93297,215,23,2,0.2875,0.52,0.125,0.001687085
Brand B,85486,222,19.2,5,0.305,0.368,0.5,0.001885221
Brand D,84866,348,16.4,9,0.62,0.256,1,0.002928381
Brand B,91604,148,30.2,5,0.12,0.808,0.5,0.001229859
Brand C,60099,443,27.8,6,0.8575,0.712,0.625,0.005298591
Brand X,61679,207,28.8,8,0.2675,0.752,0.875,0.00248934
Brand X,90424,353,22,8,0.6325,0.48,0.875,0.002805671
Brand Z,70428,133,32.6,7,0.0825,0.904,0.75,0.001460783
Brand X,46317,300,24.9,8,0.5,0.596,0.875,0.004695252
Brand A,63079,297,31.7,4,0.4925,0.868,0.375,0.00344663
Brand D,31081,251,15.5,9,0.3775,0.22,1,0.00580258
Brand Z,97062,255,18.4,7,0.3875,0.336,0.75,0.001895902
Brand W,52316,414,10.8,1,0.785,0.032,0,0.005601346
Brand X,45251,115,12,8,0.0375,0.08,0.875,0.001858522
Brand B,68405,110,12.1,5,0.025,0.084,0.5,0.001178715
Brand C,64068,251,28.1,6,0.3775,0.724,0.625,0.002873978
Brand W,44218,397,21.5,1,0.7425,0.46,0,0.006430639
Brand Y,75729,107,12.1,3,0.0175,0.084,0.25,0.001036987
Brand D,93092,107,24.8,9,0.0175,0.592,1,0.000884501
Brand B,85346,158,23.5,5,0.145,0.54,0.5,0.001378506
Brand Y,38410,331,29.8,3,0.5775,0.792,0.25,0.006265035
Brand B,97751,390,18.3,5,0.725,0.332,0.5,0.002848973
Brand E,85010,388,14.3,2,0.72,0.172,0.125,0.003245383
Brand D,46301,294,32.8,9,0.485,0.912,1,0.004657351
Brand W,87460,344,19,1,0.61,0.36,0,0.002818431
Brand W,68975,400,13,1,0.75,0.12,0,0.004115984
Brand D,75006,414,14.7,9,0.785,0.188,1,0.003922486
Brand B,41238,216,32,5,0.29,0.88,0.5,0.003899316
Brand W,47467,473,23.5,1,0.9325,0.54,0,0.007123897
Brand Y,44422,381,31.5,3,0.7025,0.86,0.25,0.006216514
Brand Z,42930,279,11.8,7,0.4475,0.072,0.75,0.004631726
Brand D,60122,460,21,9,0.9,0.44,1,0.005460564
Brand B,66154,406,29.9,5,0.765,0.796,0.5,0.004431629
Brand W,96043,478,24.9,1,0.945,0.596,0,0.003561634
Brand D,91652,162,22,9,0.155,0.48,1,0.0013093
Brand Y,56848,114,30.5,3,0.035,0.82,0.25,0.001564699
Brand D,50394,173,13,9,0.1825,0.12,1,0.002480454
Brand C,74128,254,29.4,6,0.385,0.776,0.625,0.002517537
Brand C,73289,419,27.3,6,0.7975,0.692,0.625,0.004113714
Brand D,89075,237,17.7,9,0.3425,0.308,1,0.001922088
Brand Z,68237,222,21.8,7,0.305,0.472,0.75,0.002373199
Brand Z,58322,152,10.6,7,0.13,0.024,0.75,0.001878879
Brand Z,72416,246,25.1,7,0.365,0.604,0.75,0.00248191
Brand B,77161,376,16,5,0.69,0.24,0.5,0.003473257
Brand Z,30588,287,28.4,7,0.4675,0.736,0.75,0.006846476
Brand Y,53590,118,26.6,3,0.045,0.664,0.25,0.001690241
Brand W,79720,131,21.6,1,0.0775,0.464,0,0.00123156
Brand Y,55840,489,28.3,3,0.9725,0.732,0.25,0.006282056
Brand A,41824,346,33.8,4,0.615,0.952,0.375,0.006033378
Brand C,86170,151,27.9,6,0.1275,0.716,0.625,0.001323779
Brand C,30947,255,34.9,6,0.3875,0.996,0.625,0.006106246
Brand C,82804,306,20.7,6,0.515,0.428,0.625,0.002661828
Brand C,95145,228,18.9,6,0.32,0.356,0.625,0.001737033
Brand Z,65892,443,11.5,7,0.8575,0.06,0.75,0.004758544
Brand Z,97905,369,17.1,7,0.6725,0.284,0.75,0.00269067
Brand B,42487,473,22.4,5,0.9325,0.496,0.5,0.007951138
Brand B,34604,104,32.9,5,0.01,0.916,0.5,0.00238903
Brand B,77429,448,28.2,5,0.87,0.728,0.5,0.004159423
Brand C,80662,344,23.6,6,0.61,0.544,0.625,0.00307307
Brand E,30095,443,24.2,2,0.8575,0.568,0.125,0.010545273
Brand Z,66724,289,11.8,7,0.4725,0.072,0.75,0.003084947
Brand E,80558,404,11.5,2,0.76,0.06,0.125,0.00355334
Brand W,93145,312,33.6,1,0.53,0.944,0,0.00245295
Brand W,45332,453,16,1,0.8825,0.24,0,0.007100944
Brand C,83604,121,13.8,6,0.0525,0.152,0.625,0.001062629
Brand E,65186,211,25.1,2,0.2775,0.604,0.125,0.00238134
Brand Y,53694,459,27.8,3,0.8975,0.712,0.25,0.006139233
Brand X,34062,372,27.4,8,0.68,0.696,0.875,0.007886208
Brand B,34924,460,18.6,5,0.9,0.344,0.5,0.009379796
Brand Y,39514,445,28.6,3,0.8625,0.744,0.25,0.00810042
Brand Z,34110,461,20,7,0.9025,0.4,0.75,0.00963647
Brand Z,71939,164,33.5,7,0.16,0.94,0.75,0.001735498
Brand A,40979,474,24.8,4,0.935,0.592,0.375,0.008278386
Brand Y,46958,396,15.9,3,0.74,0.236,0.25,0.006004728
Brand Z,90222,295,12.2,7,0.4875,0.088,0.75,0.002329365
Brand E,60037,374,21.3,2,0.685,0.452,0.125,0.004467079
Brand W,40505,264,32.3,1,0.41,0.892,0,0.004801629
Brand C,99207,357,29.4,6,0.6425,0.776,0.625,0.00260788
Brand D,88173,255,32.4,9,0.3875,0.896,1,0.002134667
Brand A,99860,329,11.1,4,0.5725,0.044,0.375,0.002339575
Brand X,51005,490,20.6,8,0.975,0.424,0.875,0.006845995
Brand C,34951,254,23.1,6,0.385,0.524,0.625,0.0052854
Brand B,47995,165,20.1,5,0.1625,0.404,0.5,0.002532139
Brand E,96881,190,17.2,2,0.225,0.288,0.125,0.001426079
Brand D,66715,277,30.8,9,0.4425,0.832,1,0.003044892
Brand C,92372,358,18.1,6,0.645,0.324,0.625,0.002771727
Brand B,82910,272,14.3,5,0.43,0.172,0.5,0.002348209
Brand A,68562,453,28.5,4,0.8825,0.74,0.375,0.004749716
Brand A,75058,129,17.2,4,0.0725,0.288,0.375,0.001271816
Brand Y,84394,366,21.9,3,0.665,0.476,0.25,0.00311361
Brand Y,78424,365,17.2,3,0.6625,0.288,0.25,0.003323727
Brand B,40786,453,11.5,5,0.8825,0.06,0.5,0.007859314
Brand Z,91153,450,16.1,7,0.875,0.244,0.75,0.003508716
Brand E,65393,461,20.5,2,0.9025,0.42,0.125,0.005028826
Brand B,96597,169,13.7,5,0.1725,0.148,0.5,0.001267224
Brand Z,64441,480,23,7,0.95,0.52,0.75,0.005321146
Brand E,32497,389,15.2,2,0.7225,0.208,0.125,0.008519556
Brand Z,32890,118,10.6,7,0.045,0.024,0.75,0.002608088
Brand E,73428,357,32.3,2,0.6425,0.892,0.125,0.0035353
Brand A,77592,476,19.2,4,0.94,0.368,0.375,0.004368492
Brand D,45956,249,12.8,9,0.3725,0.112,1,0.003876316
Brand Z,85745,264,28.4,7,0.41,0.736,0.75,0.002254592
Brand W,65684,349,31.4,1,0.6225,0.856,0,0.003862737
Brand Y,67921,180,11.7,3,0.2,0.068,0.25,0.001906774
Brand D,56212,392,33.2,9,0.73,0.928,1,0.005058706
Brand Z,94740,313,32.9,7,0.5325,0.916,0.75,0.002416825
Brand C,41184,477,26.4,6,0.9425,0.656,0.625,0.008299825
Brand D,84565,204,21.5,9,0.26,0.46,1,0.001764915
Brand Z,51147,232,27.4,7,0.33,0.696,0.75,0.003335875
Brand A,60738,373,21,4,0.6825,0.44,0.375,0.004402516
Brand E,36517,281,30.3,2,0.4525,0.812,0.125,0.005635457
Brand A,83928,264,21.6,4,0.41,0.464,0.375,0.002279096
Brand X,40091,489,14.6,8,0.9725,0.184,0.875,0.008647327
Brand Z,36478,205,12.7,7,0.2625,0.108,0.75,0.004038324
Brand A,34137,183,25.6,4,0.2075,0.624,0.375,0.003977502
Brand X,52831,188,13,8,0.22,0.12,0.875,0.002564782
Brand W,44434,143,14.9,1,0.1075,0.196,0,0.002353378
Brand A,69895,451,23.7,4,0.8775,0.548,0.375,0.004618499
Brand Z,32429,439,22.1,7,0.8475,0.484,0.75,0.009680533
Brand D,92467,288,11.8,9,0.47,0.072,1,0.002218521
Brand X,48089,141,19.3,8,0.1025,0.372,0.875,0.002172846
Brand B,75505,198,18.2,5,0.245,0.328,0.5,0.001907953
Brand C,67980,168,19.1,6,0.17,0.364,0.625,0.00181421
Brand W,83066,371,12.8,1,0.6775,0.112,0,0.003172658
Brand W,66320,277,25.5,1,0.4425,0.62,0,0.003039053
Brand A,80998,123,22.1,4,0.0575,0.484,0.375,0.001144843
Brand Y,90173,459,14.1,3,0.8975,0.164,0.25,0.003610061
Brand A,58300,266,34.5,4,0.415,0.98,0.375,0.003371355
Brand Y,93846,487,31.8,3,0.9675,0.872,0.25,0.003734203
Brand D,94707,459,24,9,0.8975,0.56,1,0.003468593
Brand A,59802,381,27.5,4,0.7025,0.7,0.375,0.004597672
Brand W,38355,434,20.9,1,0.835,0.436,0,0.008084213
Brand A,62010,389,31.4,4,0.7225,0.856,0.375,0.004543138
Brand W,94323,393,16.9,1,0.7325,0.276,0,0.002970325
Brand A,85433,362,14.7,4,0.655,0.188,0.375,0.003017686
Brand W,59917,317,30.1,1,0.5425,0.804,0,0.003854165
Brand W,44468,450,29.4,1,0.875,0.776,0,0.00728209
Brand B,79601,311,13.6,5,0.5275,0.144,0.5,0.002786146
Brand E,66341,481,31.5,2,0.9525,0.86,0.125,0.005217739
Brand Y,38565,273,31.4,3,0.4325,0.856,0.25,0.005199533
Brand B,72454,235,30.7,5,0.3375,0.828,0.5,0.002397521
Brand E,58386,436,33.9,2,0.84,0.956,0.125,0.005401466
Brand X,70842,360,30.2,8,0.65,0.808,0.875,0.003685102
Brand A,54823,219,23.2,4,0.2975,0.528,0.375,0.002923226
Brand C,36700,124,22.2,6,0.06,0.488,0.625,0.002546594
Brand Z,65160,231,31.8,7,0.3275,0.872,0.75,0.002627993
Brand Z,85741,262,17.6,7,0.405,0.304,0.75,0.002200581
Brand Z,59956,108,27.7,7,0.02,0.708,0.75,0.001399526
Brand Z,52695,402,25.7,7,0.755,0.628,0.75,0.005486479
Brand Y,59104,182,13.5,3,0.205,0.14,0.25,0.002224046
Brand C,58018,275,33.8,6,0.4375,0.952,0.625,0.003492709
Brand Y,83105,213,20.6,3,0.2825,0.424,0.25,0.00186848
Brand W,57816,357,23.2,1,0.6425,0.528,0,0.004442715
Brand A,61036,140,24.2,4,0.1,0.568,0.375,0.001724556
Brand C,81433,182,23.7,6,0.205,0.548,0.625,0.001651787
Brand Z,42021,297,32.1,7,0.4925,0.884,0.75,0.005176697
Brand X,82015,384,28.9,8,0.71,0.756,0.875,0.003383162
Brand E,92423,398,18.9,2,0.745,0.356,0.125,0.00307575
Brand E,44282,496,12.5,2,0.99,0.1,0.125,0.007925342
Brand B,59084,392,33.7,5,0.73,0.948,0.5,0.004815348
Brand C,53285,498,19.8,6,0.995,0.392,0.625,0.006653655
Brand C,32263,311,13.5,6,0.5275,0.14,0.625,0.006873198
Brand X,54647,268,22.6,8,0.42,0.504,0.875,0.003557011
Brand Z,83292,400,14.7,7,0.75,0.188,0.75,0.003414614
Brand C,53035,332,20.1,6,0.58,0.404,0.625,0.00449571
Brand A,31857,440,20.6,4,0.85,0.424,0.375,0.009862197
Brand Y,44968,260,13.9,3,0.4,0.156,0.25,0.004140055
Brand D,52948,480,31.8,9,0.95,0.872,1,0.006526026
Brand Z,40223,336,33.9,7,0.59,0.956,0.75,0.006100241
Brand D,86558,239,12.7,9,0.3475,0.108,1,0.001976825
Brand W,98158,385,11.3,1,0.7125,0.052,0,0.00278011
Brand X,76603,464,33.4,8,0.91,0.936,0.875,0.004370847
Brand E,43802,253,12,2,0.3825,0.08,0.125,0.004125382
Brand D,97978,345,13.3,9,0.6125,0.132,1,0.002505562
Brand W,85551,469,15.2,1,0.9225,0.208,0,0.003890779
Brand Z,30660,165,33.3,7,0.1625,0.932,0.75,0.004092955
Brand W,36129,112,25.6,1,0.03,0.624,0,0.002382574
Brand D,83483,259,32.3,9,0.3975,0.892,1,0.002287771
Brand D,60197,273,32.9,9,0.4325,0.916,1,0.003338538
Brand Y,54940,369,24.3,3,0.6725,0.572,0.25,0.004834183
Brand B,43593,155,21.3,5,0.1375,0.452,0.5,0.002635515
Brand A,42924,351,19.6,4,0.6275,0.384,0.375,0.005861057
Brand D,94263,155,13.6,9,0.1375,0.144,1,0.001194318
Brand E,55052,302,26.5,2,0.505,0.66,0.125,0.003984415
Brand C,81771,259,25.6,6,0.3975,0.624,0.625,0.002311088
Brand C,87282,279,18.1,6,0.4475,0.324,0.625,0.002299787
Brand Z,75810,318,21.9,7,0.545,0.476,0.75,0.003022952
Brand Y,55549,301,28.1,3,0.5025,0.724,0.25,0.003944805
Brand Z,89167,401,22.2,7,0.7525,0.488,0.75,0.003222717
Brand B,35427,458,10.9,5,0.895,0.036,0.5,0.009141897
Brand B,43226,331,30.3,5,0.5775,0.812,0.5,0.00557049
Brand C,87089,244,17.6,6,0.36,0.304,0.625,0.00202184
Brand B,76666,206,34.2,5,0.265,0.968,0.5,0.002014713
Brand W,43873,101,16.3,1,0.0025,0.252,0,0.001722928
Brand Y,40489,362,12.7,3,0.655,0.108,0.25,0.00635259
Brand W,33376,399,19.6,1,0.7475,0.384,0,0.008544463
Brand A,47583,117,19.9,4,0.0425,0.396,0.375,0.001846668
Brand W,37124,233,32.3,1,0.3325,0.892,0,0.004654401
Brand Z,79096,435,11,7,0.8375,0.04,0.75,0.003891474
Brand W,90471,230,28.1,1,0.325,0.724,0,0.001872755
Brand C,33751,204,14.1,6,0.26,0.164,0.625,0.004356315
Brand W,36621,200,14.2,1,0.25,0.168,0,0.00393927
Brand E,60993,182,29.5,2,0.205,0.78,0.125,0.002233863
Brand D,31850,228,15.6,9,0.32,0.224,1,0.005157928
Brand Y,43658,105,25.1,3,0.0125,0.604,0.25,0.001856017
Brand E,64735,497,29.8,2,0.9925,0.792,0.125,0.005512319
Brand B,94842,458,18.6,5,0.895,0.344,0.5,0.003439194
Brand X,42909,431,15.2,8,0.8275,0.208,0.875,0.00713743
Brand B,61557,427,22.7,5,0.8175,0.508,0.5,0.004966291
Brand A,90233,416,19.7,4,0.79,0.388,0.375,0.003292698
Brand D,32535,311,28.1,9,0.5275,0.724,1,0.006950361
Brand W,30554,140,29.7,1,0.1,0.788,0,0.003499051
Brand Z,89387,305,34.4,7,0.5125,0.976,0.75,0.002503944
Brand E,69573,163,26.9,2,0.1575,0.676,0.125,0.001755997
Brand Z,89570,328,21.2,7,0.57,0.448,0.75,0.002634364
Brand B,43003,428,27.5,5,0.82,0.7,0.5,0.007158803
Brand A,30690,368,29.4,4,0.67,0.776,0.375,0.008681004
Brand C,42398,389,13.9,6,0.7225,0.156,0.625,0.006520826
Brand A,94948,331,17.1,4,0.5775,0.284,0.375,0.002494313
Brand Z,40921,326,15.4,7,0.565,0.216,0.75,0.005689499
Brand Z,95156,320,23.8,7,0.55,0.552,0.75,0.002429064
Brand Z,43136,240,16.3,7,0.35,0.252,0.75,0.004008021
Brand X,60960,196,19.7,8,0.24,0.388,0.875,0.002347605
Brand Z,94125,182,20.5,7,0.205,0.42,0.75,0.001418858
Brand X,95901,225,28.9,8,0.3125,0.756,0.875,0.001732724
Brand Y,32801,366,13.9,3,0.665,0.156,0.25,0.007937868
Brand W,36445,332,20.1,1,0.58,0.404,0,0.006542187
Brand C,32929,101,11.8,6,0.0025,0.072,0.625,0.002254548
Brand X,65531,470,23.6,8,0.925,0.544,0.875,0.005128565
Brand C,68116,148,27.9,6,0.12,0.716,0.625,0.001643813
Brand Y,69421,108,21.8,3,0.02,0.472,0.25,0.001183215
Brand E,56169,412,26.1,2,0.78,0.644,0.125,0.005273906
Brand C,75646,128,27.2,6,0.07,0.688,0.625,0.001292335
Brand Y,35355,363,11.7,3,0.6575,0.068,0.25,0.007286381
Brand Z,81405,463,10.6,7,0.9075,0.024,0.75,0.004020392
Brand Y,50812,211,22.2,3,0.2775,0.488,0.25,0.003037865
Brand B,53564,371,25.3,5,0.6775,0.612,0.5,0.004990105
Brand Z,89107,310,10.7,7,0.525,0.028,0.75,0.002471299
Brand W,74280,403,10.5,1,0.7575,0.02,0,0.003840199
Brand A,94593,470,22.4,4,0.925,0.496,0.375,0.0035491
Brand D,52875,383,31.2,9,0.7075,0.848,1,0.00524747
Brand D,95508,158,34.3,9,0.145,0.972,1,0.001265758
Brand C,47880,439,22.1,6,0.8475,0.484,0.625,0.0065566
Brand C,72948,476,24.2,6,0.94,0.568,0.625,0.00466716
Brand Y,46502,178,26.1,3,0.195,0.644,0.25,0.002847835
Brand X,91149,293,23.1,8,0.4825,0.524,0.875,0.002326191
Brand A,30395,179,16,4,0.1975,0.24,0.375,0.004280309
Brand D,78703,253,17.6,9,0.3825,0.304,1,0.00231732
Brand W,39284,357,33.5,1,0.6425,0.94,0,0.006617198
Brand D,89694,325,22.9,9,0.5625,0.516,1,0.002612995
Brand W,95159,440,19.5,1,0.85,0.38,0,0.003298164
Brand A,35612,119,22.8,4,0.0475,0.512,0.375,0.002531169
Brand Y,85586,341,19.8,3,0.6025,0.392,0.25,0.002858411
Brand C,33808,347,10.3,6,0.6175,0.012,0.625,0.007276088
Brand C,42724,153,23.2,6,0.1325,0.528,0.625,0.002669694
Brand E,88028,414,33.2,2,0.785,0.928,0.125,0.00340528
Brand W,81010,462,27.5,1,0.905,0.7,0,0.004093939
Brand E,45484,443,26.8,2,0.8575,0.672,0.125,0.006994548
Brand B,53221,148,30.4,5,0.12,0.816,0.5,0.002117961
Brand W,98812,130,17.9,1,0.075,0.316,0,0.000975286
Brand Z,33076,369,30.9,7,0.6725,0.836,0.75,0.008089551
Brand X,41069,278,20.8,8,0.445,0.432,0.875,0.004890307
Brand C,75601,175,23.5,6,0.1875,0.54,0.625,0.001713602
Brand D,87429,268,30.8,9,0.42,0.832,1,0.002251427
Brand Z,70153,437,32.5,7,0.8425,0.9,0.75,0.004499451
Brand Y,30317,173,14.7,3,0.1825,0.188,0.25,0.004139921
Brand W,70037,488,12,1,0.97,0.08,0,0.004928823
Brand E,86836,325,30.5,2,0.5625,0.82,0.125,0.002725252
Brand A,40156,367,20,4,0.6675,0.4,0.375,0.006546967
Brand A,38247,339,29.7,4,0.5975,0.788,0.375,0.006437368
Brand Z,30577,119,31.3,7,0.0475,0.852,0.75,0.003031363
Brand D,46022,337,30,9,0.5925,0.8,1,0.005321368
Brand Z,83741,396,33.7,7,0.74,0.948,0.75,0.003430936
Brand D,95303,163,13,9,0.1575,0.12,1,0.001238156
Brand W,49245,375,28.9,1,0.6875,0.756,0,0.005506549
Brand Y,80830,456,22.5,3,0.89,0.5,0.25,0.004032537
Brand Z,31644,231,14.8,7,0.3275,0.192,0.75,0.005250284
Brand X,80945,205,31.8,8,0.2625,0.872,0.875,0.001890667
Brand X,32776,474,21.9,8,0.935,0.476,0.875,0.010323712
Brand C,52820,245,11.1,6,0.3625,0.044,0.625,0.00330992
Brand W,42066,141,28.9,1,0.1025,0.756,0,0.002552418
Brand Z,37993,256,21.1,7,0.39,0.444,0.75,0.004883268
Brand C,77087,193,14.1,6,0.2325,0.164,0.625,0.001807438
Brand D,98445,299,22.8,9,0.4975,0.512,1,0.002195541
Brand E,62535,348,17.2,2,0.62,0.288,0.125,0.003977932
Brand W,48330,238,18.5,1,0.345,0.34,0,0.00356197
Brand Z,51536,346,13.1,7,0.615,0.124,0.75,0.004775885
Brand X,80748,117,12,8,0.0425,0.08,0.875,0.00105885
Brand E,83003,132,25,2,0.08,0.6,0.125,0.001203571
Brand A,63152,264,33.9,4,0.41,0.956,0.375,0.003087313
Brand A,92534,489,20.8,4,0.9725,0.432,0.375,0.003766616
Brand Z,48485,300,23.7,7,0.5,0.548,0.75,0.00447788
Brand B,51695,473,23.5,5,0.9325,0.54,0.5,0.006541252
Brand D,94262,276,15.6,9,0.44,0.224,1,0.002099255
Brand W,54302,310,14.7,1,0.525,0.188,0,0.004077382
Brand W,33541,464,26,1,0.91,0.64,0,0.009916222
Brand B,76370,321,22.3,5,0.5525,0.492,0.5,0.003029855
Brand A,62377,201,13.5,4,0.2525,0.14,0.375,0.002320567
Brand E,32154,226,16,2,0.315,0.24,0.125,0.005069354
Brand D,99375,409,33.1,9,0.7725,0.924,1,0.002980931
Brand E,60987,353,19.7,2,0.6325,0.388,0.125,0.004148589
Brand D,38923,186,15.8,9,0.215,0.232,1,0.003466845
Brand W,57825,367,10.8,1,0.6675,0.032,0,0.004498746
Brand B,57595,258,13.6,5,0.395,0.144,0.5,0.003206528
Brand B,88810,227,17.9,5,0.3175,0.316,0.5,0.001849679
Brand D,30077,466,32.2,9,0.915,0.888,1,0.011166672
Brand A,39055,221,23.4,4,0.3025,0.536,0.375,0.004140827
Brand Y,43856,328,19,3,0.57,0.36,0.25,0.005365286
Brand B,70557,265,32.6,5,0.4125,0.904,0.5,0.002767691
Brand D,50882,451,13.2,9,0.8775,0.128,1,0.006282379
Brand W,77166,212,12,1,0.28,0.08,0,0.001969779
Brand B,58697,204,22,5,0.26,0.48,0.5,0.002545275
Brand A,59736,152,20.3,4,0.13,0.412,0.375,0.001883119
Brand X,61560,123,20.8,8,0.0575,0.432,0.875,0.0015
Brand Z,60347,149,24.7,7,0.1225,0.588,0.75,0.001851128
Brand C,92963,209,32.7,6,0.2725,0.908,0.625,0.00167927
Brand X,30241,313,21.2,8,0.5325,0.448,0.875,0.007455441
Brand X,78932,210,20,8,0.275,0.4,0.875,0.001938377
Brand C,51628,365,20.4,6,0.6625,0.416,0.625,0.005067405
Brand D,58097,254,14.8,9,0.385,0.192,1,0.003136823
Brand C,51137,440,15.4,6,0.85,0.216,0.625,0.006113382
Brand C,70182,443,29.6,6,0.8575,0.784,0.625,0.00454504
Brand D,96922,218,22,9,0.295,0.48,1,0.001642558
Brand X,89813,416,11.7,8,0.79,0.068,0.875,0.003281374
Brand X,34748,258,29.4,8,0.395,0.776,0.875,0.005451249
Brand X,66956,367,18.7,8,0.6675,0.348,0.875,0.003920634
Brand A,90023,113,30.7,4,0.0325,0.828,0.375,0.000980972
Brand W,34783,381,33.9,1,0.7025,0.956,0,0.007959923
Brand A,37044,193,22.5,4,0.2325,0.5,0.375,0.00382923
Brand X,82837,323,34.2,8,0.5575,0.968,0.875,0.002853314
Brand C,86844,215,19.5,6,0.2875,0.38,0.625,0.001800355
Brand X,57635,443,31.2,8,0.8575,0.848,0.875,0.005542813
Brand W,53840,266,12.2,1,0.415,0.088,0,0.003526374
Brand Y,74574,281,23,3,0.4525,0.52,0.25,0.002730174
Brand E,65792,458,12.2,2,0.895,0.088,0.125,0.004928563
Brand C,60113,187,30.3,6,0.2175,0.812,0.625,0.002328781
Brand B,68853,283,10.2,5,0.4575,0.008,0.5,0.002921587
Brand B,65397,156,11.3,5,0.14,0.052,0.5,0.001721639
Brand B,80912,292,16.6,5,0.48,0.264,0.5,0.00258775
Brand Y,34349,174,30.4,3,0.185,0.816,0.25,0.003811465
Brand A,88255,327,26.3,4,0.5675,0.652,0.375,0.002683021
Brand D,88467,484,29.1,9,0.96,0.764,1,0.003928357
Brand W,51826,272,20.5,1,0.43,0.42,0,0.003792498
Brand E,68039,403,10.2,2,0.7575,0.008,0.125,0.004191126
Brand X,92850,160,27.8,8,0.15,0.712,0.875,0.001296069
Brand Z,33157,497,12.9,7,0.9925,0.116,0.75,0.010609223
Brand Y,30015,454,11.4,3,0.885,0.056,0.25,0.010701982
Brand W,64585,425,12.4,1,0.8125,0.096,0,0.004663931
Brand E,44803,279,11.5,2,0.4475,0.06,0.125,0.004436087
Brand Y,75020,272,17.1,3,0.43,0.284,0.25,0.002606372
Brand W,40694,109,29.7,1,0.0225,0.788,0,0.00209392
Brand B,88455,138,25.7,5,0.095,0.628,0.5,0.001179244
Brand C,51575,203,33.2,6,0.2575,0.928,0.625,0.002948328
Brand Y,60904,299,22.3,3,0.4975,0.492,0.25,0.003546401
Brand A,99201,336,12,4,0.59,0.08,0.375,0.002407234
Brand Z,70636,327,21.4,7,0.5675,0.456,0.75,0.003331446
Brand Z,51770,428,28.4,7,0.82,0.736,0.75,0.005951709
Brand Y,73219,282,21,3,0.455,0.44,0.25,0.002782065
Brand X,45476,275,28.9,8,0.4375,0.756,0.875,0.004423652
Brand Y,67784,452,16.2,3,0.88,0.248,0.25,0.004739467
Brand Z,61701,373,11.2,7,0.6825,0.048,0.75,0.004286154
Brand E,40682,218,16.6,2,0.295,0.264,0.125,0.003873458
Brand W,50728,276,22.1,1,0.44,0.484,0,0.003939245
Brand E,56839,452,25.7,2,0.88,0.628,0.125,0.005702247
Brand D,40933,406,21.2,9,0.765,0.448,1,0.007098429
Brand W,95399,405,23.1,1,0.7625,0.524,0,0.003044372
Brand X,92477,112,17.7,8,0.03,0.308,0.875,0.000905198
Brand D,68464,359,27.3,9,0.6475,0.692,1,0.003790167
Brand Y,72270,220,12.1,3,0.3,0.084,0.25,0.002181126
Brand Y,37572,389,33.3,3,0.7225,0.932,0.25,0.007513308
Brand D,38307,277,16.3,9,0.4425,0.252,1,0.005189391
Brand A,86697,152,18.1,4,0.13,0.324,0.375,0.001289895
Brand B,82695,186,28.2,5,0.215,0.728,0.5,0.001676764
Brand D,44691,135,30.4,9,0.0875,0.816,1,0.002318588
Brand B,49065,479,18.9,5,0.9475,0.356,0.5,0.006949353
Brand E,61524,367,23.2,2,0.6675,0.528,0.125,0.004288733
Brand B,74927,447,18.9,5,0.8675,0.356,0.5,0.004251738
Brand E,48120,318,34.2,2,0.545,0.968,0.125,0.004839152
Brand Y,51796,278,26.5,3,0.445,0.66,0.25,0.003910534
Brand W,78504,338,15.8,1,0.595,0.232,0,0.003074238
Brand Z,90434,173,29,7,0.1825,0.76,0.75,0.001435301
Brand D,61833,172,16.5,9,0.18,0.26,1,0.002027235
Brand C,96726,428,22.2,6,0.82,0.488,0.625,0.003166263
Brand B,44983,291,21.3,5,0.4775,0.452,0.5,0.004670431
Brand X,78877,456,30.7,8,0.89,0.828,0.875,0.004163571
Brand Y,36861,159,10.4,3,0.1475,0.016,0.25,0.003104094
Brand D,36986,103,19,9,0.0075,0.36,1,0.002103499
Brand D,93982,289,28.9,9,0.4725,0.756,1,0.002244792
Brand E,61230,445,26.7,2,0.8625,0.668,0.125,0.005218194
Brand D,71454,332,23.8,9,0.58,0.552,1,0.003352367
Brand C,45576,340,33.7,6,0.6,0.948,0.625,0.005443874
Brand A,88467,164,10.9,4,0.16,0.036,0.375,0.001334622
Brand B,64003,107,16.3,5,0.0175,0.252,0.5,0.00124666
Brand A,93621,206,11.3,4,0.265,0.052,0.375,0.001576463
Brand Z,88606,257,14.3,7,0.3925,0.172,0.75,0.002078753
Brand D,64231,242,29.6,9,0.355,0.784,1,0.002775607
Brand X,83957,223,34,8,0.3075,0.96,0.875,0.001980776
Brand D,33612,423,22.5,9,0.8075,0.5,1,0.009010175
Brand E,54927,429,24,2,0.8225,0.56,0.125,0.00559834
Brand C,66397,406,28.6,6,0.765,0.744,0.625,0.004409537
Brand W,75506,136,10.8,1,0.09,0.032,0,0.001303737
Brand W,88751,277,12.8,1,0.4425,0.112,0,0.002228031
Brand B,87767,223,33,5,0.3075,0.92,0.5,0.001891371
Brand Y,59588,455,28.8,3,0.8875,0.752,0.25,0.005490032
Brand D,52079,328,25.8,9,0.57,0.632,1,0.004557307
Brand W,53675,190,13.2,1,0.225,0.128,0,0.002551653
Brand A,83519,258,12.2,4,0.395,0.088,0.375,0.002206205
Brand C,92287,498,18.1,6,0.995,0.324,0.625,0.003836185
Brand A,62867,481,19.8,4,0.9525,0.392,0.375,0.005450236
Brand W,65478,379,17.8,1,0.6975,0.312,0,0.004133297
Brand X,95611,391,28.7,8,0.7275,0.748,0.875,0.002952694
Brand E,63602,397,23.8,2,0.7425,0.552,0.125,0.00448162
Brand E,82529,354,25.3,2,0.635,0.612,0.125,0.003094549
Brand D,37682,318,17.1,9,0.545,0.284,1,0.006043469
Brand Z,53418,463,15.7,7,0.9075,0.228,0.75,0.006155416
Brand E,47927,177,26.8,2,0.1925,0.672,0.125,0.002752937
Brand E,84376,276,19.5,2,0.44,0.38,0.125,0.002359083
Brand X,33492,255,17.1,8,0.3875,0.284,0.875,0.005482802
Brand A,83794,461,16.4,4,0.9025,0.256,0.375,0.003909826
Brand B,99691,303,10.4,5,0.5075,0.016,0.5,0.002158871
Brand B,64198,483,18.7,5,0.9575,0.348,0.5,0.005353905
Brand B,66190,349,31.1,5,0.6225,0.844,0.5,0.003831848
Brand Y,89715,218,19.9,3,0.295,0.396,0.25,0.001767486
Brand D,66847,421,23.1,9,0.8025,0.524,1,0.004512244
Brand B,97763,344,26.8,5,0.61,0.672,0.5,0.002545339
Brand C,54775,415,32.8,6,0.7875,0.912,0.625,0.005483158
Brand Y,79600,206,10.8,3,0.265,0.032,0.25,0.001852261
Brand Z,52573,198,14.5,7,0.245,0.18,0.75,0.002719076
Brand C,67271,296,14.5,6,0.49,0.18,0.625,0.003144743
Brand D,78303,256,17.7,9,0.39,0.308,1,0.002356359
Brand E,80507,159,11.9,2,0.1475,0.076,0.125,0.001426832
Brand B,74292,394,15.1,5,0.735,0.204,0.5,0.003773354
Brand C,68704,365,29.5,6,0.6625,0.78,0.625,0.003847665
Brand W,31065,182,34.1,1,0.205,0.964,0,0.004430388
Brand B,37003,349,25.8,5,0.6225,0.632,0.5,0.00681134
Brand Z,81286,439,27.5,7,0.8475,0.7,0.75,0.003881972
Brand C,74635,287,26.9,6,0.4675,0.676,0.625,0.002799893
Brand W,32424,381,31.5,1,0.7025,0.86,0,0.008516839
Brand W,49313,462,27.6,1,0.905,0.704,0,0.006726015
Brand B,34352,115,23.7,5,0.0375,0.548,0.5,0.002550361
Brand X,55315,328,19.6,8,0.57,0.384,0.875,0.004257073
Brand C,94752,497,16.9,6,0.9925,0.276,0.625,0.003725198
Brand C,37087,364,21.1,6,0.66,0.444,0.625,0.007041012
Brand Z,79714,232,14.9,7,0.33,0.196,0.75,0.002093359
Brand X,71018,391,33.6,8,0.7275,0.944,0.875,0.003995888
Brand E,86444,223,18.6,2,0.3075,0.344,0.125,0.001870344
Brand A,55010,406,16.3,4,0.765,0.252,0.375,0.005255226
Brand Z,58372,136,10,7,0.09,0,0.75,0.001682313
Brand C,87363,376,10.4,6,0.69,0.016,0.625,0.00304843
Brand W,90202,182,28.9,1,0.205,0.756,0,0.001508503
Brand E,46663,389,15,2,0.7225,0.2,0.125,0.005931895
Brand W,64526,359,29.5,1,0.6475,0.78,0,0.004031708
Brand X,42717,498,27.5,8,0.995,0.7,0.875,0.008353817
Brand B,42957,479,26.8,5,0.9475,0.672,0.5,0.007992644
Brand W,61811,155,21,1,0.1375,0.44,0,0.001857275
Brand Y,93254,350,16.8,3,0.625,0.272,0.25,0.002681279
Brand B,71563,368,24.9,5,0.67,0.596,0.5,0.003704009
Brand C,42784,242,33.3,6,0.355,0.932,0.625,0.004192923
Brand E,61820,207,11,2,0.2675,0.04,0.125,0.002397282
Brand B,39125,303,14.5,5,0.5075,0.18,0.5,0.005532268
Brand A,34868,282,15,4,0.455,0.2,0.375,0.00579041
Brand Z,39096,444,27.9,7,0.86,0.716,0.75,0.008163751
Brand W,38304,477,22.7,1,0.9425,0.508,0,0.008894893
Brand A,94724,371,28.9,4,0.6775,0.756,0.375,0.002833178
Brand Z,63328,301,24.5,7,0.5025,0.58,0.75,0.003443185
Brand Z,98965,188,23.6,7,0.22,0.544,0.75,0.001401303
Brand C,93532,138,16.5,6,0.095,0.26,0.625,0.001085725
Brand Y,68051,476,12.5,3,0.94,0.1,0.25,0.004951433
Brand D,31937,362,23.7,9,0.655,0.548,1,0.008156997
Brand Z,98901,269,28,7,0.4225,0.72,0.75,0.001988858
Brand D,59524,449,15.9,9,0.8725,0.236,1,0.005360359
Brand E,56793,322,12.4,2,0.555,0.096,0.125,0.0040343
Brand A,55210,487,15.6,4,0.9675,0.224,0.375,0.006259373
Brand W,65947,210,13.2,1,0.275,0.128,0,0.002289111
Brand Z,98835,313,17.9,7,0.5325,0.316,0.75,0.002271159
Brand Z,45482,496,34.8,7,0.99,0.992,0.75,0.007863331
Brand Z,37148,239,18.1,7,0.3475,0.324,0.75,0.004649779
Brand W,78009,129,12.7,1,0.0725,0.108,0,0.001206399
Brand D,35049,413,29.9,9,0.7825,0.796,1,0.00850438
Brand B,98465,238,27.2,5,0.345,0.688,0.5,0.001774844
Brand E,35531,315,16.2,2,0.5375,0.248,0.125,0.00634263
Brand Z,54716,179,22.5,7,0.1975,0.5,0.75,0.002413371
Brand D,34334,242,25.9,9,0.355,0.636,1,0.005160191
Brand B,54299,357,12.2,5,0.6425,0.088,0.5,0.004669699
Brand X,70498,257,26.2,8,0.3925,0.648,0.875,0.002663338
Brand Z,41568,420,26.7,7,0.8,0.668,0.75,0.007265445
Brand W,48819,373,13.1,1,0.6825,0.124,0,0.005428829
Brand W,84934,159,25.8,1,0.1475,0.632,0,0.001401559
Brand E,65785,394,31.3,2,0.735,0.852,0.125,0.004335183
Brand B,60060,197,11.7,5,0.2425,0.068,0.5,0.002354479
Brand Y,75405,205,28.8,3,0.2625,0.752,0.25,0.002017638
Brand Z,61560,135,18.3,7,0.0875,0.332,0.75,0.001624269
Brand E,69897,142,13.7,2,0.105,0.148,0.125,0.001480893
Brand C,35176,157,28.6,6,0.1425,0.744,0.625,0.003368206
Brand A,48971,334,20.1,4,0.585,0.404,0.375,0.004897388
Brand Y,46983,428,22.8,3,0.82,0.512,0.25,0.006522359
Brand W,58648,348,34.3,1,0.62,0.972,0,0.004329048
Brand B,42948,255,26.3,5,0.3875,0.652,0.5,0.004339899
Brand W,57769,410,22,1,0.775,0.48,0,0.005082311
Brand Y,99650,249,24.4,3,0.3725,0.576,0.25,0.001822579
Brand B,86107,289,15.5,5,0.4725,0.22,0.5,0.002403405
Brand A,42266,240,29.5,4,0.35,0.78,0.375,0.004184214
Brand D,73219,258,15.4,9,0.395,0.216,1,0.002529671
Brand W,91610,321,18.6,1,0.5525,0.344,0,0.002513699
Brand C,57808,174,33.1,6,0.185,0.924,0.625,0.00227875
Brand B,34906,143,33.9,5,0.1075,0.956,0.5,0.003159056
Brand C,58013,479,13.7,6,0.9475,0.148,0.625,0.005850585
Brand E,56890,211,24.3,2,0.2775,0.572,0.125,0.00272438
Brand W,36230,342,18.8,1,0.605,0.352,0,0.006763456
Brand A,55788,451,17.3,4,0.8775,0.292,0.375,0.005751954
Brand W,82758,184,28.2,1,0.21,0.728,0,0.001658571
Brand B,98382,393,16.6,5,0.7325,0.264,0.5,0.002846862
Brand D,83314,195,19.6,9,0.2375,0.384,1,0.001708956
Brand B,60637,307,10.1,5,0.5175,0.004,0.5,0.00359401
Brand E,32280,470,22.3,2,0.925,0.492,0.125,0.010399318
Brand C,56320,470,17.9,6,0.925,0.316,0.625,0.005936967
Brand B,49558,487,15.5,5,0.9675,0.22,0.5,0.006972638
Brand X,70447,179,22.8,8,0.1975,0.512,0.875,0.001875736
Brand X,61304,495,22.1,8,0.9875,0.484,0.875,0.005760309
Brand D,96918,496,17.9,9,0.99,0.316,1,0.003637818
Brand X,56965,492,32,8,0.98,0.88,0.875,0.006214342
Brand A,37049,215,15.8,4,0.2875,0.232,0.375,0.004190127
Brand X,30810,452,23.3,8,0.88,0.532,0.875,0.010496267
Brand D,94609,376,30,9,0.69,0.8,1,0.002877105
Brand B,80435,100,34,5,0,0.96,0.5,0.000997078
Brand X,91126,407,10.4,8,0.7675,0.016,0.875,0.003160679
Brand D,73489,382,34.8,9,0.705,0.992,1,0.003780702
Brand Y,35447,150,23.2,3,0.125,0.528,0.25,0.003158518
Brand A,49510,481,19,4,0.9525,0.36,0.375,0.006915775
Brand B,32564,337,34.1,5,0.5925,0.964,0.5,0.007558347
Brand D,44038,252,15.4,9,0.38,0.216,1,0.004110541
Brand W,53328,106,16.1,1,0.015,0.244,0,0.001481961
Brand D,76953,149,22.9,9,0.1225,0.516,1,0.001444648
Brand X,89463,448,29.6,8,0.87,0.784,0.875,0.003604619
Brand Z,87809,339,13.8,7,0.5975,0.152,0.75,0.002749604
Brand W,57805,335,16.3,1,0.5875,0.252,0,0.004141337
Brand B,75854,233,23.2,5,0.3325,0.528,0.5,0.002241938
Brand C,55884,232,19.1,6,0.33,0.364,0.625,0.003008553
Brand Z,49339,194,29.1,7,0.235,0.764,0.75,0.002929326
Brand W,36395,143,31.3,1,0.1075,0.852,0,0.00300838
Brand C,48001,200,22.9,6,0.25,0.516,0.625,0.003059728
Brand Z,36804,192,16.1,7,0.23,0.244,0.75,0.003783013
Brand B,52424,304,27.3,5,0.51,0.692,0.5,0.004215436
Brand X,80462,249,26.5,8,0.3725,0.66,0.875,0.002265044
Brand Z,95518,480,17.7,7,0.95,0.308,0.75,0.003573253
Brand E,30127,234,20.4,2,0.335,0.416,0.125,0.005640123
Brand X,86059,210,13.7,8,0.275,0.148,0.875,0.001755888
Brand A,70594,223,33.6,4,0.3075,0.944,0.375,0.002354024
Brand B,68456,101,31.4,5,0.0025,0.856,0.5,0.001170387
Brand E,83196,412,20,2,0.78,0.4,0.125,0.003538632
Brand X,65630,415,13.2,8,0.7875,0.128,0.875,0.004486668
Brand X,85173,463,27.1,8,0.9075,0.684,0.875,0.003900649
Brand A,67350,222,32.6,4,0.305,0.904,0.375,0.002452561
Brand E,37694,281,29.6,2,0.4525,0.784,0.125,0.005453918
Brand Z,82876,109,19.6,7,0.0225,0.384,0.75,0.000991602
Brand E,77329,218,20.1,2,0.295,0.404,0.125,0.002051365
Brand B,67405,258,32.7,5,0.395,0.908,0.5,0.002824865
Brand Y,46727,229,30.7,3,0.3225,0.828,0.25,0.003627667
Brand A,65709,487,26.7,4,0.9675,0.668,0.375,0.005309927
Brand C,52127,425,22.3,6,0.8125,0.492,0.625,0.005835555
Brand A,49990,134,33.9,4,0.085,0.956,0.375,0.002079816
Brand Z,48557,129,28.2,7,0.0725,0.728,0.75,0.002033898
Brand C,92432,280,27.2,6,0.45,0.688,0.625,0.002208759
Brand A,30298,188,20.5,4,0.22,0.42,0.375,0.004546505
Brand Z,70656,212,26.2,7,0.28,0.648,0.75,0.00221156
Brand A,42575,207,29.2,4,0.2675,0.768,0.375,0.00360916
Brand Y,78638,174,21.6,3,0.185,0.464,0.25,0.001631272
Brand Y,83679,293,15.9,3,0.4825,0.236,0.25,0.002508037
Brand D,80913,193,28.6,9,0.2325,0.744,1,0.001775734
Brand C,81374,420,22.4,6,0.8,0.496,0.625,0.003695529
Brand Y,30144,439,27.5,3,0.8475,0.7,0.25,0.010468087
Brand C,61843,134,16.9,6,0.085,0.276,0.625,0.001598726
Brand Z,94728,407,22.3,7,0.7675,0.492,0.75,0.003078182
Brand X,52181,107,11.9,8,0.0175,0.076,0.875,0.001503804
Brand W,37735,431,12,1,0.8275,0.08,0,0.008090632
Brand B,63870,284,31.8,5,0.46,0.872,0.5,0.003261938
Brand D,85158,325,28.8,9,0.5625,0.752,1,0.002772963
Brand Y,52276,482,19.1,3,0.955,0.364,0.25,0.006563815
Brand X,71429,156,23,8,0.14,0.52,0.875,0.00162539
Brand D,62085,146,14.3,9,0.115,0.172,1,0.001715229
Brand Y,36532,470,14.6,3,0.925,0.184,0.25,0.009125698
Brand D,63691,128,29,9,0.07,0.76,1,0.001543389
Brand C,56492,338,16.9,6,0.595,0.276,0.625,0.004277951
Brand A,60662,216,10.9,4,0.29,0.036,0.375,0.002546405
Brand C,37834,352,19.1,6,0.63,0.364,0.625,0.006664112
Brand B,38030,254,17.2,5,0.385,0.288,0.5,0.004810939
Brand B,76843,108,26.7,5,0.02,0.668,0.5,0.001088063
Brand A,95377,306,30.6,4,0.515,0.824,0.375,0.002342074
Brand B,67065,427,14.5,5,0.8175,0.18,0.5,0.004521733
Brand B,86846,198,33.9,5,0.245,0.956,0.5,0.001713032
Brand Y,43111,350,13.8,3,0.625,0.152,0.25,0.005779036
Brand D,93903,247,18,9,0.3675,0.32,1,0.001898768
Brand Z,35045,360,13,7,0.65,0.12,0.75,0.00730204
Brand C,46053,454,22.8,6,0.885,0.512,0.625,0.007049269
Brand X,84259,313,19.8,8,0.5325,0.392,0.875,0.002670813
Brand D,72315,100,23.7,9,0,0.548,1,0.001066307
Brand B,67702,226,19.1,5,0.315,0.364,0.5,0.002421346
Brand Y,91655,404,15.6,3,0.76,0.224,0.25,0.003136545
Brand A,31960,311,10.6,4,0.5275,0.024,0.375,0.006911139
Brand Z,70975,115,22.2,7,0.0375,0.488,0.75,0.001228038
Brand D,92444,328,21.1,9,0.57,0.444,1,0.00255214
Brand W,38220,341,34.3,1,0.6025,0.972,0,0.006514652
Brand E,44377,396,18.5,2,0.74,0.34,0.125,0.006371544
Brand B,81156,495,20.6,5,0.9875,0.424,0.5,0.004345705
Brand C,99559,421,14.4,6,0.8025,0.176,0.625,0.003003445
Brand C,83444,495,15.3,6,0.9875,0.212,0.625,0.004207492
Brand A,89269,453,17.5,4,0.8825,0.3,0.375,0.003610996
Brand Z,89069,212,10.6,7,0.28,0.024,0.75,0.001701827
Brand A,59260,250,25.1,4,0.375,0.604,0.375,0.003080155
Brand D,81760,144,12.5,9,0.11,0.1,1,0.001278743
Brand Y,93462,369,18.7,3,0.6725,0.348,0.25,0.002823714
Brand D,82156,209,22.8,9,0.2725,0.512,1,0.001864015
Brand A,93983,111,11.3,4,0.0275,0.052,0.375,0.000862816
Brand B,84257,495,25.4,5,0.9875,0.616,0.5,0.004202856
Brand W,40489,293,34.3,1,0.4825,0.972,0,0.005319716
Brand W,43049,470,23.7,1,0.925,0.548,0,0.007807615
Brand W,64837,160,16.1,1,0.15,0.244,0,0.001801903
Brand Y,72900,197,28.3,3,0.2425,0.732,0.25,0.002008093
Brand D,71112,452,14.5,9,0.88,0.18,1,0.00451049
Brand Z,91222,269,24.9,7,0.4225,0.596,0.75,0.002146083
Brand B,75851,105,12.6,5,0.0125,0.104,0.5,0.00101884
Brand D,93299,250,23.7,9,0.375,0.548,1,0.001951897
Brand W,78170,117,26,1,0.0425,0.64,0,0.001147499
Brand W,60839,317,22.9,1,0.5425,0.516,0,0.003760252
Brand Y,80598,270,17.6,3,0.425,0.304,0.25,0.002410482
Brand W,39298,250,26.5,1,0.375,0.66,0,0.004655453
Brand W,88544,218,11.3,1,0.295,0.052,0,0.001761723
Brand B,49949,294,15.3,5,0.485,0.212,0.5,0.004212096
Brand Z,90729,440,16.5,7,0.85,0.26,0.75,0.003449283
Brand X,34434,370,11,8,0.675,0.04,0.875,0.007617471
Brand Y,98692,220,23.7,3,0.3,0.548,0.25,0.001632452
Brand W,89564,279,13.5,1,0.4475,0.14,0,0.002225783
Brand W,60835,375,27.5,1,0.6875,0.7,0,0.004450563
Brand X,42728,267,14.2,8,0.4175,0.168,0.875,0.004473881
Brand Y,66507,183,19.1,3,0.2075,0.364,0.25,0.002012269
Brand D,92335,183,20,9,0.2075,0.4,1,0.00145232
Brand Y,65183,153,34.6,3,0.1325,0.984,0.25,0.00180231
Brand C,63535,325,23.5,6,0.5625,0.54,0.625,0.003691666
Brand B,80933,301,13.7,5,0.5025,0.148,0.5,0.002654171
Brand B,87792,217,15.4,5,0.2925,0.216,0.5,0.00178285
Brand B,48979,392,27.5,5,0.73,0.7,0.5,0.005770841
Brand Y,88251,382,17.7,3,0.705,0.308,0.25,0.003090163
Brand W,61289,245,26.3,1,0.3625,0.652,0,0.002926953
Brand Z,35529,196,10.9,7,0.24,0.036,0.75,0.003953672
Brand A,66096,243,18.5,4,0.3575,0.34,0.375,0.002657498
Brand Y,67530,189,21.5,3,0.2225,0.46,0.25,0.002054642
Brand A,89310,122,16.6,4,0.055,0.264,0.375,0.001011981
Brand W,40447,276,24.9,1,0.44,0.596,0,0.004961307
Brand W,97359,345,20.8,1,0.6125,0.432,0,0.002544603
Brand W,34359,380,32.9,1,0.7,0.916,0,0.008029046
Brand Z,99192,377,15.4,7,0.6925,0.216,0.75,0.002707073
Brand B,90043,417,10.7,5,0.7925,0.028,0.5,0.003277434
Brand C,64680,454,31.8,6,0.885,0.872,0.625,0.005060915
Brand W,75148,136,15.2,1,0.09,0.208,0,0.001327514
Brand B,87547,408,20.2,5,0.77,0.408,0.5,0.003331468
Brand E,31172,420,18.3,2,0.8,0.332,0.125,0.009607661
Brand C,95707,440,28.7,6,0.85,0.748,0.625,0.003308117
Brand W,94843,329,27.3,1,0.5725,0.692,0,0.002514577
Brand X,97060,245,23.6,8,0.3625,0.544,0.875,0.001839893
Brand A,75199,301,25.1,4,0.5025,0.604,0.375,0.002902033
Brand X,76366,280,12.8,8,0.45,0.112,0.875,0.002616871
Brand B,67976,468,14.3,5,0.92,0.172,0.5,0.004882459
Brand E,34488,173,11,2,0.1825,0.04,0.125,0.003607052
Brand Z,64404,345,22.7,7,0.6125,0.508,0.75,0.003855506
Brand B,42200,301,34.5,5,0.5025,0.98,0.5,0.005238152
Brand X,79799,443,31.6,8,0.8575,0.864,0.875,0.004004812
Brand D,69195,447,19.5,9,0.8675,0.38,1,0.004606547
Brand Y,92810,280,12.6,3,0.45,0.104,0.25,0.00215257
Brand C,81978,423,34.9,6,0.8075,0.996,0.625,0.003739662
Brand C,88385,289,26.8,6,0.4725,0.672,0.625,0.002379816
Brand E,75100,472,33.4,2,0.93,0.936,0.125,0.004532889
Brand Y,67037,381,28.8,3,0.7025,0.752,0.25,0.004107284
Brand A,82777,355,15.7,4,0.6375,0.228,0.375,0.003058941
Brand Z,43083,492,15.4,7,0.98,0.216,0.75,0.008101107
Brand B,68453,269,27.9,5,0.4225,0.716,0.5,0.002873066
Brand W,97086,212,28.3,1,0.28,0.732,0,0.00161599
Brand E,72710,415,16.8,2,0.7875,0.272,0.125,0.00406464
Brand D,44418,114,13.1,9,0.035,0.124,1,0.001885047
Brand E,65011,365,18.1,2,0.6625,0.324,0.125,0.004013628
Brand X,35728,210,10.2,8,0.275,0.008,0.875,0.004200067
Brand A,97112,120,28.8,4,0.05,0.752,0.375,0.00095395
Brand A,30966,460,14.9,4,0.9,0.196,0.375,0.010542853
Brand D,69120,388,23.7,9,0.72,0.548,1,0.004032263
Brand W,78356,332,13.1,1,0.58,0.124,0,0.003016106
Brand Z,89383,358,31.3,7,0.645,0.852,0.75,0.002908719
Brand Y,85126,351,18.6,3,0.6275,0.344,0.25,0.00295186
Brand W,68061,302,31.2,1,0.505,0.848,0,0.003243561
Brand A,98658,229,30.5,4,0.3225,0.82,0.375,0.00171755
Brand C,78253,283,13.2,6,0.4575,0.128,0.625,0.002582137
Brand E,57433,184,16,2,0.21,0.24,0.125,0.002326189
Brand A,36356,352,29.9,4,0.63,0.796,0.375,0.00702415
Brand E,47997,188,21.4,2,0.22,0.456,0.125,0.002875596
Brand X,39385,158,24.7,8,0.145,0.588,0.875,0.002996318
Brand Z,72502,407,14.6,7,0.7675,0.184,0.75,0.003989959
Brand Z,97285,433,33.5,7,0.8325,0.94,0.75,0.003218893
Brand C,81601,486,21,6,0.965,0.44,0.625,0.004246271
Brand A,54311,405,11,4,0.7625,0.04,0.375,0.005280698
Brand Y,86281,240,25.6,3,0.35,0.624,0.25,0.002036138
Brand B,32181,174,16.2,5,0.185,0.248,0.5,0.003935863
Brand W,80820,191,34.4,1,0.2275,0.976,0,0.001781985
Brand E,88923,282,25.7,2,0.455,0.628,0.125,0.002306602
Brand E,54287,466,31.6,2,0.915,0.864,0.125,0.006183432
Brand X,53305,332,28.8,8,0.58,0.752,0.875,0.004521902
Brand E,70316,400,24.2,2,0.75,0.568,0.125,0.004085272
Brand X,79932,484,32.4,8,0.96,0.896,0.875,0.004360206
Brand B,36721,243,17.5,5,0.3575,0.3,0.5,0.004775197
Brand A,70291,313,28.7,4,0.5325,0.748,0.375,0.003239533
Brand Y,51648,361,15.5,3,0.6525,0.22,0.25,0.004982768
Brand B,40322,447,30.5,5,0.8675,0.82,0.5,0.007986955
Brand B,97085,291,15.1,5,0.4775,0.204,0.5,0.002144822
Brand E,71480,138,32.6,2,0.095,0.904,0.125,0.001488248
Brand Z,84560,240,12,7,0.35,0.08,0.75,0.002029328
Brand D,99756,108,30.8,9,0.02,0.832,1,0.000850475
Brand D,30449,173,19,9,0.1825,0.36,1,0.00416434
Brand W,41717,264,17.6,1,0.41,0.304,0,0.004556416
Brand D,85108,103,19.5,9,0.0075,0.38,1,0.000915895
Brand A,65734,115,31.1,4,0.0375,0.844,0.375,0.001366568
Brand D,31972,287,27.9,9,0.4675,0.716,1,0.006545415
Brand E,59327,465,12.3,2,0.9125,0.092,0.125,0.005548738
Brand C,79904,452,27.3,6,0.88,0.692,0.625,0.00406225
Brand B,89342,246,24.2,5,0.365,0.568,0.5,0.002008686
Brand B,78900,315,29.1,5,0.5375,0.764,0.5,0.002905323
Brand W,69039,240,34.3,1,0.35,0.972,0,0.002582453
Brand Y,37459,233,21.6,3,0.3325,0.464,0.25,0.004527083
Brand Z,70262,421,32.7,7,0.8025,0.908,0.75,0.004333922
Brand X,96710,234,12.7,8,0.335,0.108,0.875,0.00173312
Brand B,34371,348,12.3,5,0.62,0.092,0.5,0.007194728
Brand W,73970,430,22.2,1,0.825,0.488,0,0.004159254
Brand A,64160,281,12.5,4,0.4525,0.1,0.375,0.003124221
Brand W,82435,329,31.4,1,0.5725,0.856,0,0.002907988
Brand X,79441,320,34.2,8,0.55,0.968,0.875,0.002948855
Brand C,55354,148,28.5,6,0.12,0.74,0.625,0.002026051
Brand Y,94471,387,30.3,3,0.7175,0.812,0.25,0.002963767
Brand A,31787,457,31.7,4,0.8925,0.868,0.375,0.010363041
Brand C,96356,488,30.8,6,0.97,0.832,0.625,0.003641081
Brand D,58965,444,28,9,0.86,0.72,1,0.005413381
Brand Y,63871,338,27.5,3,0.595,0.7,0.25,0.003833508
Brand B,74234,343,17.7,5,0.6075,0.308,0.5,0.003305898
Brand E,97545,492,32,2,0.98,0.88,0.125,0.003629094
Brand A,57753,100,23,4,0,0.52,0.375,0.001331533
Brand B,37127,243,18.1,5,0.3575,0.324,0.5,0.004727826
Brand A,40818,392,13.1,4,0.73,0.124,0.375,0.006818805
Brand W,50428,178,25.7,1,0.195,0.628,0,0.002623741
Brand W,48699,389,32.2,1,0.7225,0.888,0,0.005789852
Brand W,60822,222,22.3,1,0.305,0.492,0,0.00266499
Brand Z,93744,471,10.8,7,0.9275,0.032,0.75,0.003551587
Brand E,72794,329,21.2,2,0.5725,0.448,0.125,0.003251092
Brand Z,70469,267,12.5,7,0.4175,0.1,0.75,0.002705445
Brand W,47494,153,31.3,1,0.1325,0.852,0,0.002452731
Brand B,77727,391,31.7,5,0.7275,0.868,0.5,0.00364365
Brand B,32011,269,27.5,5,0.4225,0.7,0.5,0.006140077
Brand E,53076,339,21,2,0.5975,0.44,0.125,0.004589645
Brand E,57137,174,26.3,2,0.185,0.652,0.125,0.002269808
Brand X,79919,497,23.7,8,0.9925,0.548,0.875,0.004442123
Brand A,59765,349,10.6,4,0.6225,0.024,0.375,0.004140885
Brand Z,82327,460,31.7,7,0.9,0.868,0.75,0.004026747
Brand Y,32428,140,18.1,3,0.1,0.324,0.25,0.003189528
Brand Z,95232,456,19.7,7,0.89,0.388,0.75,0.003413873
Brand Z,99221,300,23.6,7,0.5,0.544,0.75,0.002187843
Brand B,60567,384,24.1,5,0.71,0.564,0.5,0.004557432
Brand Z,95262,377,13.2,7,0.6925,0.128,0.75,0.002811824
Brand C,77543,135,13.1,6,0.0875,0.124,0.625,0.00126936
Brand B,70897,144,20.8,5,0.11,0.432,0.5,0.001509796
Brand D,97339,222,17.1,9,0.305,0.284,1,0.001649185
Brand Z,33000,434,20.2,7,0.835,0.408,0.75,0.009389697
Brand Z,57792,355,34.2,7,0.6375,0.968,0.75,0.004477436
Brand E,32552,375,16.5,2,0.6875,0.26,0.125,0.008216085
Brand A,84781,129,34.8,4,0.0725,0.992,0.375,0.001188238
Brand A,81315,120,14,4,0.05,0.16,0.375,0.001084671
Brand X,39545,105,32,8,0.0125,0.88,0.875,0.002101403
Brand Z,33802,266,13,7,0.415,0.12,0.75,0.005623928
Brand A,34077,434,31.4,4,0.835,0.856,0.375,0.009191537
Brand Y,43168,124,18.1,3,0.06,0.324,0.25,0.002136536
Brand Z,63558,125,10.4,7,0.0625,0.016,0.75,0.001425784
Brand C,94960,103,34.3,6,0.0075,0.972,0.625,0.000867628
Brand B,99784,260,29.8,5,0.4,0.792,0.5,0.001913533
Brand A,81706,127,13.2,4,0.0675,0.128,0.375,0.001136514
Brand X,75873,360,25.4,8,0.65,0.616,0.875,0.003421771
Brand W,64001,491,16.5,1,0.9775,0.26,0,0.005447571
Brand B,32452,451,21.6,5,0.8775,0.464,0.5,0.009927894
Brand Y,75204,275,13.8,3,0.4375,0.152,0.25,0.002614755
Brand Z,88487,443,28.3,7,0.8575,0.732,0.75,0.003600416
Brand B,41943,148,19,5,0.12,0.36,0.5,0.002605918
Brand X,42452,168,16,8,0.17,0.24,0.875,0.002883256
Brand Z,35922,278,32.1,7,0.445,0.884,0.75,0.005685374
Brand W,90640,283,21.9,1,0.4575,0.476,0,0.002258054
Brand Z,86360,288,14.4,7,0.47,0.176,0.75,0.002384437
Brand D,41152,338,33.3,9,0.595,0.932,1,0.005992175
Brand A,55236,304,33,4,0.51,0.92,0.375,0.004031791
Brand W,69453,447,23.4,1,0.8675,0.536,0,0.004606281
Brand B,66891,471,22.5,5,0.9275,0.5,0.5,0.005029825
Brand B,35648,145,27.9,5,0.1125,0.716,0.5,0.00308208
Brand E,36964,122,20.5,2,0.055,0.42,0.125,0.002476734
Brand Y,86957,344,17,3,0.61,0.28,0.25,0.002827834
Brand E,84514,415,18.4,2,0.7875,0.336,0.125,0.003502615
Brand B,44723,463,18,5,0.9075,0.32,0.5,0.007367574
Brand E,50497,464,17.8,2,0.91,0.312,0.125,0.006537814
Brand E,73522,381,29.5,2,0.7025,0.78,0.125,0.003747858
Brand A,32849,414,17.5,4,0.785,0.3,0.375,0.008982009
Brand D,36967,177,16.5,9,0.1925,0.26,1,0.003485541
Brand C,30521,109,28.1,6,0.0225,0.724,0.625,0.002776121
Brand A,55213,152,20.7,4,0.13,0.428,0.375,0.002039556
Brand E,60306,438,23.3,2,0.845,0.532,0.125,0.00519998
Brand E,60721,424,18.1,2,0.81,0.324,0.125,0.004977355
Brand X,67258,377,19.1,8,0.6925,0.364,0.875,0.004008891
Brand X,93568,378,11.9,8,0.695,0.076,0.875,0.002866044
Brand B,76266,234,24.5,5,0.335,0.58,0.5,0.002244119
Brand C,89502,368,21.5,6,0.67,0.46,0.625,0.002950213
Brand Z,70955,374,12.2,7,0.685,0.088,0.75,0.003741244
Brand Y,54742,452,28.3,3,0.88,0.732,0.25,0.005934931
Brand B,32101,188,15.5,5,0.22,0.22,0.5,0.004244416
Brand W,47254,247,18.9,1,0.3675,0.356,0,0.003778939
Brand B,47564,435,19.6,5,0.8375,0.384,0.5,0.006525524
Brand A,67689,415,30.7,4,0.7875,0.828,0.375,0.00442775
Brand A,39724,117,34.8,4,0.0425,0.992,0.375,0.002324539
Brand Z,46365,469,33.8,7,0.9225,0.952,0.75,0.007299472
Brand W,45498,337,21.7,1,0.5925,0.468,0,0.005327927
Brand B,73511,112,27.2,5,0.03,0.688,0.5,0.001177511
Brand C,78036,373,23.2,6,0.6825,0.528,0.625,0.003435081
Brand A,40401,345,12,4,0.6125,0.08,0.375,0.006066682
Brand Y,43096,213,23.7,3,0.2825,0.548,0.25,0.003624698
Brand D,87749,304,11.8,9,0.51,0.072,1,0.002465441
Brand B,36847,162,21.5,5,0.155,0.46,0.5,0.003252639
Brand D,37290,139,14.7,9,0.0975,0.188,1,0.002727541
Brand D,93406,111,20,9,0.0275,0.4,1,0.000896088
Brand B,43550,290,17.7,5,0.475,0.308,0.5,0.004783238
Brand E,72225,303,28,2,0.5075,0.72,0.125,0.00305296
Brand Y,54882,256,28.1,3,0.39,0.724,0.25,0.003418789
Brand Y,73743,371,32.6,3,0.6775,0.904,0.25,0.003654313
Brand Y,67346,351,30.7,3,0.6275,0.828,0.25,0.00378508
Brand W,45059,361,34.7,1,0.6525,0.988,0,0.005839233
Brand Z,77769,323,31.6,7,0.5575,0.864,0.75,0.003029228
Brand A,92917,279,17.4,4,0.4475,0.296,0.375,0.002158055
Brand X,72180,369,10.4,8,0.6725,0.016,0.875,0.003621779
Brand C,41089,280,31.3,6,0.45,0.852,0.625,0.004998661
Brand Y,50222,382,25.3,3,0.705,0.612,0.25,0.005475489
Brand Y,83993,394,30.4,3,0.735,0.816,0.25,0.003392187
Brand E,97430,163,18,2,0.1575,0.32,0.125,0.001226522
Brand E,46556,123,11.7,2,0.0575,0.068,0.125,0.001924779
Brand Z,80546,368,24.8,7,0.67,0.592,0.75,0.003290542
Brand X,78517,173,24.9,8,0.1825,0.596,0.875,0.00163748
Brand Y,78960,267,26.6,3,0.4175,0.664,0.25,0.002468085
Brand W,67976,371,28.6,1,0.6775,0.744,0,0.003946687
Brand X,53211,487,34.1,8,0.9675,0.964,0.875,0.006598824
Brand W,67290,434,22.9,1,0.835,0.516,0,0.004616882
Brand D,48151,447,29.8,9,0.8675,0.792,1,0.006683973
Brand D,85223,468,28.7,9,0.92,0.748,1,0.003945062
Brand D,52307,192,20.1,9,0.23,0.404,1,0.002684727
Brand Z,85787,137,23.3,7,0.0925,0.532,0.75,0.001199366
Brand X,54287,390,25.4,8,0.725,0.616,0.875,0.005169193
Brand D,89732,275,15.8,9,0.4375,0.232,1,0.002198101
Brand A,90325,429,17.6,4,0.8225,0.304,0.375,0.003383117
Brand C,74855,337,32.4,6,0.5925,0.896,0.625,0.003281277
Brand A,30090,435,13.8,4,0.8375,0.152,0.375,0.010257228
Brand Y,64981,211,28.2,3,0.2775,0.728,0.25,0.002403164
Brand C,63824,275,22.3,6,0.4375,0.492,0.625,0.003120926
Brand A,44971,308,11.2,4,0.52,0.048,0.375,0.004868916
Brand E,62571,407,27.4,2,0.7675,0.696,0.125,0.004684598
Brand B,59983,378,25.3,5,0.695,0.612,0.5,0.004537786
Brand D,68762,128,21.5,9,0.07,0.46,1,0.001396847
Brand X,60641,147,19.8,8,0.1175,0.392,0.875,0.001794825
Brand W,40972,229,24.5,1,0.3225,0.58,0,0.004091819
Brand E,69580,477,17.2,2,0.9425,0.288,0.125,0.004872952
Brand X,41523,187,17.9,8,0.2175,0.316,0.875,0.003281796
Brand X,30347,142,19.9,8,0.105,0.396,0.875,0.003472172
Brand Z,57295,460,12.4,7,0.9,0.096,0.75,0.005684964
Brand C,80857,297,10.2,6,0.4925,0.008,0.625,0.002609051
Brand W,58462,165,16.2,1,0.1625,0.248,0,0.002058773
Brand Y,68859,201,27.7,3,0.2525,0.708,0.25,0.002163987
Brand Y,34915,221,31.5,3,0.3025,0.86,0.25,0.004701418
Brand E,58242,490,31,2,0.975,0.84,0.125,0.006048899
Brand C,44731,467,24.3,6,0.9175,0.572,0.625,0.007471105
Brand A,66182,435,32.6,4,0.8375,0.904,0.375,0.004748723
Brand C,44513,347,29.5,6,0.6175,0.78,0.625,0.005655651
Brand W,50482,238,29.3,1,0.345,0.772,0,0.003474308
Brand B,32252,192,12,5,0.23,0.08,0.5,0.004278804
Brand E,51441,478,25.9,2,0.945,0.636,0.125,0.006655586
Brand Z,98312,353,25.8,7,0.6325,0.632,0.75,0.002592156
Brand D,58418,319,34.1,9,0.5475,0.964,1,0.003997569
Brand B,63887,257,20.1,5,0.3925,0.404,0.5,0.002910295
Brand Y,66058,447,34.2,3,0.8675,0.968,0.25,0.004892065
Brand C,56175,273,17.9,6,0.4325,0.316,0.625,0.003497463
Brand B,64364,248,26.1,5,0.37,0.644,0.5,0.002818812
Brand E,98484,120,23.8,2,0.05,0.552,0.125,0.00092543
Brand Z,85805,397,18.3,7,0.7425,0.332,0.75,0.003302721
Brand W,77263,475,19.5,1,0.9375,0.38,0,0.004379198
Brand E,75082,285,18.1,2,0.4625,0.324,0.125,0.002729416
Brand D,74876,478,12.6,9,0.945,0.104,1,0.004519205
Brand Y,91043,257,22.6,3,0.3925,0.504,0.25,0.00205046
Brand X,89001,490,16.9,8,0.975,0.276,0.875,0.003910855
Brand E,95169,249,20.1,2,0.3725,0.404,0.125,0.00189484
Brand X,48320,228,25.8,8,0.32,0.632,0.875,0.003463162
Brand Z,47777,256,17.6,7,0.39,0.304,0.75,0.003861272
Brand D,80496,491,13.5,9,0.9775,0.14,1,0.00432009
Brand B,79038,109,14.2,5,0.0225,0.168,0.5,0.001019257
Brand B,79321,453,23.6,5,0.8825,0.544,0.5,0.004086938
Brand B,70254,169,14,5,0.1725,0.16,0.5,0.001743673
Brand X,30645,187,10.3,8,0.2175,0.012,0.875,0.004372328
Brand Z,51975,437,21.7,7,0.8425,0.468,0.75,0.006010774
Brand Y,59000,455,24.7,3,0.8875,0.588,0.25,0.005523898
Brand C,87654,349,27,6,0.6225,0.68,0.625,0.002879504
Brand B,57574,280,17.8,5,0.45,0.312,0.5,0.003497065
Brand C,44024,288,31.6,6,0.47,0.864,0.625,0.004794657
Brand X,62101,123,16.4,8,0.0575,0.256,0.875,0.001465677
Brand X,79049,400,28.2,8,0.75,0.728,0.875,0.003649129
Brand B,87963,443,18.8,5,0.8575,0.352,0.5,0.003589464
Brand B,38513,310,21,5,0.525,0.44,0.5,0.005798042
Brand D,44279,146,13.8,9,0.115,0.152,1,0.00240159
Brand B,77293,286,22.6,5,0.465,0.504,0.5,0.002677862
Brand Y,76414,213,16.5,3,0.2825,0.26,0.25,0.002015992
Brand A,54273,483,17.3,4,0.9575,0.292,0.375,0.006325245
Brand Z,51524,150,15.8,7,0.125,0.232,0.75,0.002129881
Brand X,49493,262,31.7,8,0.405,0.868,0.875,0.003897723
Brand E,48347,313,10.9,2,0.5325,0.036,0.125,0.004599458
Brand A,52987,399,20.2,4,0.7475,0.408,0.375,0.005385472
Brand Z,62644,407,11.6,7,0.7675,0.064,0.75,0.004603474
Brand W,74030,166,28.7,1,0.165,0.748,0,0.001685938
Brand W,40760,292,27.1,1,0.48,0.684,0,0.005214181
Brand E,55029,166,16.6,2,0.165,0.264,0.125,0.002202112
Brand Z,34327,444,27.1,7,0.86,0.684,0.75,0.009290937
Brand Z,49598,442,23.9,7,0.855,0.556,0.75,0.006382717
Brand B,74319,189,26.2,5,0.2225,0.648,0.5,0.001885924
Brand B,40826,465,19.1,5,0.9125,0.364,0.5,0.008113212
Brand Y,66794,458,23,3,0.895,0.52,0.25,0.004903135
Brand W,86276,187,21.1,1,0.2175,0.444,0,0.001590593
Brand X,89180,157,13.6,8,0.1425,0.144,0.875,0.001278089
Brand A,54715,106,27.1,4,0.015,0.684,0.375,0.001504706
Brand X,80491,286,29.7,8,0.465,0.788,0.875,0.00259793
Brand X,84485,160,32.8,8,0.15,0.912,0.875,0.001442149
Brand D,88371,133,25,9,0.0825,0.6,1,0.001138383
Brand W,87082,152,31.9,1,0.13,0.876,0,0.001331733
Brand D,42281,108,12.8,9,0.02,0.112,1,0.001878858
Brand A,86705,378,31.3,4,0.695,0.852,0.375,0.003160025
Brand D,93995,224,17.8,9,0.31,0.312,1,0.001724985
Brand X,47038,167,21.9,8,0.1675,0.476,0.875,0.002624899
Brand B,58686,451,27.9,5,0.8775,0.716,0.5,0.005522101
Brand W,63962,293,27.2,1,0.4825,0.688,0,0.003334167
Brand Z,91745,347,17.4,7,0.6175,0.296,0.75,0.002704453
Brand A,98726,121,13.7,4,0.0525,0.148,0.375,0.00089956
Brand D,64972,190,27.1,9,0.225,0.684,1,0.002172166
Brand E,45348,366,15.8,2,0.665,0.232,0.125,0.005754168
Brand D,59673,296,24.5,9,0.49,0.58,1,0.003595428
Brand Y,91802,129,34.7,3,0.0725,0.988,0.25,0.001097035
Brand X,33792,455,18.4,8,0.8875,0.336,0.875,0.00958866
Brand D,65670,422,18.6,9,0.805,0.344,1,0.004583219
Brand A,93494,224,29.4,4,0.31,0.776,0.375,0.001771451
Brand X,85490,260,26,8,0.4,0.64,0.875,0.002220143
Brand X,45853,281,14.4,8,0.4525,0.176,0.875,0.00438401
Brand X,35335,225,19.5,8,0.3125,0.38,0.875,0.004622895
Brand X,38615,214,18.8,8,0.285,0.352,0.875,0.004025379
Brand D,85557,148,25.3,9,0.12,0.612,1,0.001299601
Brand D,38071,393,21.7,9,0.7325,0.468,1,0.007396969
Brand C,63969,383,28.5,6,0.7075,0.74,0.625,0.004324751
Brand D,85899,368,19.3,9,0.67,0.372,1,0.003066276
Brand D,95567,243,10.9,9,0.3575,0.036,1,0.00181412
Brand W,56142,111,18.5,1,0.0275,0.34,0,0.001482847
Brand X,61479,303,20.2,8,0.5075,0.408,0.875,0.003548529
Brand W,83913,481,14.3,1,0.9525,0.172,0,0.004063614
Brand C,94878,385,24.8,6,0.7125,0.592,0.625,0.002918906
Brand Y,47974,326,25.6,3,0.565,0.624,0.25,0.00491683
Brand B,88341,386,22.7,5,0.715,0.508,0.5,0.00313569
Brand Z,88076,262,31.1,7,0.405,0.844,0.75,0.002188224
Brand A,56211,491,23.8,4,0.9775,0.552,0.375,0.006241483
Brand Z,33770,424,16.8,7,0.81,0.272,0.75,0.008938111
Brand B,95072,428,14.9,5,0.82,0.196,0.5,0.003198313
Brand B,55218,210,12,5,0.275,0.08,0.5,0.002727372
Brand E,80757,287,20,2,0.4675,0.4,0.125,0.002562007
Brand C,40868,424,18.4,6,0.81,0.336,0.625,0.007397475
Brand W,39076,115,21.1,1,0.0375,0.444,0,0.00222208
Brand B,68492,366,13.8,5,0.665,0.152,0.5,0.003801028
Brand W,64573,272,34.7,1,0.43,0.988,0,0.003109814
Brand Y,79106,273,26.8,3,0.4325,0.672,0.25,0.002517382
Brand D,77961,434,33.6,9,0.835,0.944,1,0.004026116
Brand B,90016,224,15.5,5,0.31,0.22,0.5,0.00179357
Brand E,99223,306,22.5,2,0.515,0.5,0.125,0.002226802
Brand W,95762,348,23.1,1,0.62,0.524,0,0.002616173
Brand B,94580,123,22.8,5,0.0575,0.512,0.5,0.00098266
Brand E,87524,148,28.7,2,0.12,0.748,0.125,0.001282048
Brand E,62225,114,19.7,2,0.035,0.388,0.125,0.001377421
Brand E,83070,364,25.3,2,0.66,0.612,0.125,0.003158661
Brand Y,42240,496,21.8,3,0.99,0.472,0.25,0.008374527
Brand W,49308,165,18.2,1,0.1625,0.328,0,0.002453152
Brand W,69518,477,32.5,1,0.9425,0.9,0,0.004943324
Brand Y,48078,143,15.9,3,0.1075,0.236,0.25,0.002181247
Brand D,51264,408,22.7,9,0.77,0.508,1,0.005704003
Brand Y,45915,255,32.1,3,0.3875,0.884,0.25,0.004097354
Brand E,56686,336,29.6,2,0.59,0.784,0.125,0.004305825
Brand C,39249,487,21,6,0.9675,0.44,0.625,0.008846085
Brand X,76248,157,16,8,0.1425,0.24,0.875,0.001504302
Brand B,82791,272,25.9,5,0.43,0.636,0.5,0.002393618
Brand Z,65247,383,12.7,7,0.7075,0.108,0.75,0.004167395
Brand Y,68475,296,30.2,3,0.49,0.808,0.25,0.003158233
Brand Y,33452,426,29.7,3,0.815,0.788,0.25,0.009180617
Brand C,71578,409,27.8,6,0.7725,0.712,0.625,0.004116349
Brand B,55363,356,20.3,5,0.64,0.412,0.5,0.004611202
Brand D,31167,271,29.9,9,0.4275,0.796,1,0.00637437
Brand D,40190,300,12.5,9,0.5,0.1,1,0.005318487
Brand X,72960,447,17.3,8,0.8675,0.292,0.875,0.004359786
Brand Z,63076,345,24.7,7,0.6125,0.588,0.75,0.003946192
Brand W,31071,267,32.7,1,0.4175,0.908,0,0.006330984
Brand B,90667,438,15.1,5,0.845,0.204,0.5,0.003431568
Brand B,69421,306,31.7,5,0.515,0.868,0.5,0.003222512
Brand E,85689,122,34.8,2,0.055,0.992,0.125,0.001118463
Brand W,38951,204,28.6,1,0.26,0.744,0,0.003886421
Brand A,75168,280,32.8,4,0.45,0.912,0.375,0.002738399
Brand W,47705,437,19.2,1,0.8425,0.368,0,0.006533068
Brand Z,70207,441,13.9,7,0.8525,0.156,0.75,0.004456393
Brand D,78238,435,27.9,9,0.8375,0.716,1,0.003998952
Brand W,86493,288,17.1,1,0.47,0.284,0,0.002390136
Brand E,63669,307,16.8,2,0.5175,0.272,0.125,0.003454428
Brand X,51501,175,30.9,8,0.1875,0.836,0.875,0.002558591
Brand X,52449,268,13.3,8,0.42,0.132,0.875,0.003652882
Brand Y,84032,420,12.2,3,0.8,0.088,0.25,0.003542222
Brand C,65900,454,20.9,6,0.885,0.436,0.625,0.004917602
Brand X,77860,105,16.9,8,0.0125,0.276,0.875,0.001009119
Brand C,72738,458,22.7,6,0.895,0.508,0.625,0.004501224
Brand C,41374,118,20.5,6,0.045,0.42,0.625,0.002145067
Brand B,71004,493,25.3,5,0.9825,0.612,0.5,0.004967185
Brand X,33498,145,20.9,8,0.1125,0.436,0.875,0.003217207
Brand E,38758,220,32.5,2,0.3,0.9,0.125,0.004224934
Brand A,98592,194,19.9,4,0.235,0.396,0.375,0.001437946
Brand E,72428,339,27.1,2,0.5975,0.684,0.125,0.003388607
Brand E,53987,230,24.8,2,0.325,0.592,0.125,0.00312001
Brand C,66468,143,31.6,6,0.1075,0.864,0.625,0.001648613
Brand E,53762,318,20.8,2,0.545,0.432,0.125,0.004256538
Brand A,37010,403,23.6,4,0.7575,0.544,0.375,0.007813564
Brand X,75489,161,29,8,0.1525,0.76,0.875,0.001608181
Brand X,37266,336,11.1,8,0.59,0.044,0.875,0.006400741
Brand Z,58456,338,13.9,7,0.595,0.156,0.75,0.004118824
Brand E,96799,363,15.1,2,0.6575,0.204,0.125,0.002671825
Brand B,49992,178,29.5,5,0.195,0.78,0.5,0.002669427
Brand E,79817,109,22.3,2,0.0225,0.492,0.125,0.001039753
Brand D,31386,308,28.4,9,0.52,0.736,1,0.007140763
Brand W,44923,284,13.6,1,0.46,0.144,0,0.004516172
Brand C,61647,257,14.3,6,0.3925,0.172,0.625,0.002987818
Brand Y,64603,112,27.7,3,0.03,0.708,0.25,0.001342198
Brand E,85298,130,31.3,2,0.075,0.852,0.125,0.001176933
Brand B,71703,401,21.3,5,0.7525,0.452,0.5,0.004003877
Brand X,72351,319,11.2,8,0.5475,0.048,0.875,0.003132783
Brand X,90461,474,18.9,8,0.935,0.356,0.875,0.003730558
Brand C,31816,460,11.5,6,0.9,0.06,0.625,0.01022913
Brand D,43223,161,29,9,0.1525,0.76,1,0.00280869
Brand D,48673,384,16.7,9,0.71,0.268,1,0.005625501
Brand C,37559,177,29.8,6,0.1925,0.792,0.625,0.003536835
Brand A,53140,232,15.4,4,0.33,0.216,0.375,0.003143018
Brand E,81941,304,30.6,2,0.51,0.824,0.125,0.002709022
Brand E,71591,230,13.1,2,0.325,0.124,0.125,0.002303781
Brand X,48861,196,32.3,8,0.24,0.892,0.875,0.003006283
Brand B,98855,277,22,5,0.4425,0.48,0.5,0.002028223
Brand W,56669,467,17.7,1,0.9175,0.308,0,0.005862288
Brand D,56618,384,10.9,9,0.71,0.036,1,0.004805362
Brand B,45122,482,27.2,5,0.955,0.688,0.5,0.007658348
Brand A,98701,168,29.3,4,0.17,0.772,0.375,0.001280534
Brand E,42689,340,29.5,2,0.6,0.78,0.125,0.00578252
Brand C,33836,279,21.7,6,0.4475,0.468,0.625,0.005964357
Brand Z,43116,423,19.7,7,0.8075,0.388,0.75,0.007004592
Brand A,66389,236,17,4,0.34,0.28,0.375,0.002565184
Brand Y,93138,123,20.9,3,0.0575,0.436,0.25,0.000991754
Brand X,82415,297,34.1,8,0.4925,0.964,0.875,0.002646727
Brand Y,90994,442,22.9,3,0.855,0.516,0.25,0.003475724
Brand B,88512,349,16.3,5,0.6225,0.252,0.5,0.002815324
Brand Y,35988,403,11.9,3,0.7575,0.076,0.25,0.007937924
Brand C,96222,416,11.3,6,0.79,0.052,0.625,0.003061566
Brand X,53530,155,15.2,8,0.1375,0.208,0.875,0.002112087
Brand D,94904,137,26.6,9,0.0925,0.664,1,0.00109458
Brand D,63304,322,21.2,9,0.555,0.448,1,0.003661064
Brand C,94728,132,11.2,6,0.08,0.048,0.625,0.001010894
Brand W,31838,335,10.4,1,0.5875,0.016,0,0.007463409
Brand C,49960,238,10,6,0.345,0,0.625,0.003394716
Brand Y,80114,478,25.7,3,0.945,0.628,0.25,0.004272786
Brand Z,72188,486,28,7,0.965,0.72,0.75,0.004829057
Brand Y,90244,199,17.7,3,0.2475,0.308,0.25,0.001602433
Brand E,30933,156,20.1,2,0.14,0.404,0.125,0.003725148
Brand X,61221,308,27.1,8,0.52,0.684,0.875,0.003654465
Brand C,31652,185,29.5,6,0.2125,0.78,0.625,0.004370972
Brand X,59451,347,16.6,8,0.6175,0.264,0.875,0.004169484
Brand E,70893,419,20.7,2,0.7975,0.428,0.125,0.004224818
Brand E,59197,232,22.7,2,0.33,0.508,0.125,0.002858422
Brand E,42992,396,22.8,2,0.74,0.512,0.125,0.006606811
Brand B,47236,269,32,5,0.4225,0.88,0.5,0.004189601
Brand X,46029,279,23.3,8,0.4475,0.532,0.875,0.004394838
Brand E,54492,363,31.6,2,0.6575,0.864,0.125,0.00483704
Brand E,60291,186,25.7,2,0.215,0.628,0.125,0.002287406
Brand C,98871,200,25.6,6,0.25,0.624,0.625,0.001493663
Brand W,84690,397,23,1,0.7425,0.52,0,0.003362853
Brand W,98536,333,31,1,0.5825,0.84,0,0.002460015
Brand A,33809,152,27,4,0.13,0.68,0.375,0.003386672
Brand Z,72220,470,24.9,7,0.925,0.596,0.75,0.004658959
Brand C,30927,110,21.2,6,0.025,0.448,0.625,0.002695379
Brand Y,47337,156,29.1,3,0.14,0.764,0.25,0.002491286
Brand C,54117,302,32.7,6,0.505,0.908,0.625,0.004087625
Brand D,75437,488,28.2,9,0.97,0.728,1,0.004640428
Brand A,50767,408,12.8,4,0.77,0.112,0.375,0.005701341
Brand D,54361,227,12.3,9,0.3175,0.092,1,0.002990931
Brand E,48195,406,13.7,2,0.765,0.148,0.125,0.005982156
Brand D,67874,374,23.9,9,0.685,0.556,1,0.003962784
Brand C,94345,228,10.6,6,0.32,0.024,0.625,0.00172537
Brand A,55868,426,13.4,4,0.815,0.136,0.375,0.005409537
Brand E,56200,473,24.6,2,0.9325,0.584,0.125,0.006022776
Brand E,74401,100,33.9,2,0,0.956,0.125,0.001077539
Brand D,57962,224,16.9,9,0.31,0.276,1,0.002792692
Brand A,72411,152,21.8,4,0.13,0.472,0.375,0.001559708
Brand Y,78607,405,30.4,3,0.7625,0.816,0.25,0.003722569
Brand C,44076,337,34.9,6,0.5925,0.996,0.625,0.005589663
Brand X,82356,335,21.3,8,0.5875,0.452,0.875,0.002924984
Brand A,95297,369,31.2,4,0.6725,0.848,0.375,0.002808693
Brand Z,43963,445,34.7,7,0.8625,0.988,0.75,0.007322294
Brand X,90851,278,19.4,8,0.445,0.376,0.875,0.00220603
Brand E,81269,438,22.1,2,0.845,0.484,0.125,0.003854237
Brand E,99631,484,10.9,2,0.96,0.036,0.125,0.003433369
Brand X,86114,462,22.9,8,0.905,0.516,0.875,0.003835265
Brand D,53810,229,27.2,9,0.3225,0.688,1,0.003130645
Brand B,48847,433,29.2,5,0.8325,0.768,0.5,0.006384425
Brand C,74853,470,19.8,6,0.925,0.392,0.625,0.004474637
Brand B,92628,481,17.9,5,0.9525,0.316,0.5,0.003692944
Brand D,68881,249,15.4,9,0.3725,0.216,1,0.002597523
Brand X,64418,258,26.7,8,0.395,0.668,0.875,0.002927908
Brand W,41378,449,14.4,1,0.8725,0.176,0,0.007700227
Brand Z,86175,191,14.5,7,0.2275,0.18,0.75,0.001601973
Brand W,64043,273,31,1,0.4325,0.84,0,0.003129148
Brand Y,58136,135,14.1,3,0.0875,0.164,0.25,0.001698259
Brand Y,92017,464,21.7,3,0.91,0.468,0.25,0.00360053
Brand W,40115,247,22.7,1,0.3675,0.508,0,0.00447987
Brand D,69493,181,31.4,9,0.2025,0.856,1,0.001958758
Brand X,41635,152,10.4,8,0.13,0.016,0.875,0.002630479
Brand D,45048,190,18.2,9,0.225,0.328,1,0.00307361
Brand C,99030,360,22,6,0.65,0.48,0.625,0.00261133
Brand A,30086,388,11.9,4,0.72,0.076,0.375,0.009146114
Brand X,56794,300,24.5,8,0.5,0.58,0.875,0.003826989
Brand D,45956,139,31.1,9,0.0975,0.844,1,0.002320263
Brand A,84498,222,13.1,4,0.305,0.124,0.375,0.001885607
Brand Z,42423,278,21.1,7,0.445,0.444,0.75,0.004736346
Brand E,53588,394,14.5,2,0.735,0.18,0.125,0.00522785
Brand E,45498,406,33.3,2,0.765,0.932,0.125,0.006465999
Brand Y,51107,482,20.8,3,0.955,0.432,0.25,0.006723932
Brand W,77988,224,29,1,0.31,0.76,0,0.002122121
Brand Z,68807,115,23.7,7,0.0375,0.548,0.75,0.001273272
Brand X,52132,211,16.2,8,0.2775,0.248,0.875,0.002926418
Brand W,83839,457,21.6,1,0.8925,0.464,0,0.003892938
Brand X,75196,472,13.8,8,0.93,0.152,0.875,0.004448907
Brand Y,59089,314,27.3,3,0.535,0.692,0.25,0.003858417
Brand X,50222,234,25.5,8,0.335,0.62,0.875,0.003413843
Brand A,88690,353,20.8,4,0.6325,0.432,0.375,0.002856466
Brand X,85920,256,20.1,8,0.39,0.404,0.875,0.002155843
Brand C,40981,477,12.3,6,0.9425,0.092,0.625,0.00823772
Brand Z,46944,149,13.7,7,0.1225,0.148,0.75,0.002309347
Brand X,40712,152,22.7,8,0.13,0.508,0.875,0.002780753
Brand W,60538,245,18.8,1,0.3625,0.352,0,0.002926096
Brand E,73465,426,10,2,0.815,0,0.125,0.004099912
Brand W,94068,104,25.1,1,0.01,0.604,0,0.000853957
Brand E,59108,428,29.4,2,0.82,0.776,0.125,0.005217906
Brand A,46632,401,24.2,4,0.7525,0.568,0.375,0.006175159
Brand Z,30088,402,19.9,7,0.755,0.396,0.75,0.009550984
Brand D,33151,312,20.9,9,0.53,0.436,1,0.006777171
Brand D,80454,206,28.8,9,0.265,0.752,1,0.001899719
Brand Y,71350,284,13,3,0.46,0.12,0.25,0.002840925
Brand B,69759,168,19.3,5,0.17,0.372,0.5,0.001768804
Brand E,42066,318,15.8,2,0.545,0.232,0.125,0.005404365
Brand X,52478,419,10.2,8,0.7975,0.008,0.875,0.005647319
Brand C,94362,310,31.5,6,0.525,0.86,0.625,0.002399801
Brand C,64771,235,30.6,6,0.3375,0.824,0.625,0.002681447
Brand Z,59836,127,33.6,7,0.0675,0.944,0.75,0.001654188
Brand E,39299,243,20.4,2,0.3575,0.416,0.125,0.004484084
Brand Z,87596,389,12.5,7,0.7225,0.1,0.75,0.0031514
Brand B,77967,270,30.8,5,0.425,0.832,0.5,0.002542614
Brand B,55381,377,12.2,5,0.6925,0.088,0.5,0.00483126
Brand Y,55965,235,30.8,3,0.3375,0.832,0.25,0.00310444
Brand E,61863,255,31,2,0.3875,0.84,0.125,0.00303574
Brand A,81083,218,34.7,4,0.295,0.988,0.375,0.002010409
Brand X,80095,279,12.4,8,0.4475,0.096,0.875,0.002484799
Brand X,40851,181,23.8,8,0.2025,0.552,0.875,0.003276297
Brand Y,58857,214,33.7,3,0.285,0.948,0.25,0.002716924
Brand E,68112,287,16.2,2,0.4675,0.248,0.125,0.003020907
Brand E,91467,130,21.3,2,0.075,0.452,0.125,0.001064756
Brand B,77901,496,25.3,5,0.99,0.612,0.5,0.00455437
Brand E,34066,433,17.5,2,0.8325,0.3,0.125,0.009051547
Brand A,90869,486,24.6,4,0.965,0.584,0.375,0.003825067
Brand X,38678,459,11.2,8,0.8975,0.048,0.875,0.008393919
Brand D,50029,177,26.6,9,0.1925,0.664,1,0.002636071
Brand Z,83571,344,18.6,7,0.61,0.344,0.75,0.002948152
Brand Y,72656,415,26.1,3,0.7875,0.644,0.25,0.004106061
Brand D,44106,210,16.8,9,0.275,0.272,1,0.00344715
Brand Y,71306,369,15.6,3,0.6725,0.224,0.25,0.003688049
Brand A,36515,126,29.2,4,0.065,0.768,0.375,0.002655347
Brand B,86054,487,19.2,5,0.9675,0.368,0.5,0.004028401
Brand W,61171,421,30.6,1,0.8025,0.824,0,0.004967713
Brand C,66050,223,18.6,6,0.3075,0.344,0.625,0.002447843
Brand A,78331,315,29.9,4,0.5375,0.796,0.375,0.002929492
Brand A,94574,352,34,4,0.63,0.96,0.375,0.002713219
Brand D,32484,308,33.3,9,0.52,0.932,1,0.00694465
Brand Y,36529,126,20.5,3,0.065,0.42,0.25,0.002582879
Brand E,76781,495,20.8,2,0.9875,0.432,0.125,0.004594105
Brand A,41868,189,28.9,4,0.2225,0.756,0.375,0.003367011
Brand E,61652,470,15.5,2,0.925,0.22,0.125,0.005411828
Brand E,87559,245,24.8,2,0.3625,0.592,0.125,0.002043651
Brand A,87942,170,34.8,4,0.175,0.992,0.375,0.001471879
Brand X,50188,366,27.3,8,0.665,0.692,0.875,0.005267992
Brand C,94024,266,28,6,0.415,0.72,0.625,0.002069684
Brand D,52998,386,30.7,9,0.715,0.828,1,0.005272086
Brand B,93665,291,13.3,5,0.4775,0.132,0.5,0.00221737
Brand Z,73706,250,12.5,7,0.375,0.1,0.75,0.002425176
Brand D,76049,150,21.1,9,0.125,0.444,1,0.001463925
Brand Z,58308,123,14.7,7,0.0575,0.188,0.75,0.001552274
Brand A,41718,169,29,4,0.1725,0.76,0.375,0.003044249
Brand A,65943,388,10.8,4,0.72,0.032,0.375,0.004167842
Brand X,79055,124,11.6,8,0.06,0.064,0.875,0.00114199
Brand A,35710,284,34.2,4,0.46,0.968,0.375,0.005854383
Brand D,52546,134,34.4,9,0.085,0.976,1,0.001981502
Brand X,69384,335,17.7,8,0.5875,0.308,0.875,0.003456272
Brand D,55716,195,13.6,9,0.2375,0.144,1,0.002523153
Brand Z,42582,372,10.5,7,0.68,0.02,0.75,0.006189235
Brand X,40594,343,16,8,0.6075,0.24,0.875,0.006032911
Brand B,32807,179,30.2,5,0.1975,0.808,0.5,0.004095467
Brand C,76628,263,23.4,6,0.4075,0.536,0.625,0.002494127
Brand C,97573,190,29.7,6,0.225,0.788,0.625,0.001454398
Brand X,71587,169,25.1,8,0.1725,0.604,0.875,0.001757721
Brand W,35860,190,17.4,1,0.225,0.296,0,0.003854434
Brand X,59949,264,29,8,0.41,0.76,0.875,0.003227744
Brand Y,95713,377,32.6,3,0.6925,0.904,0.25,0.002859382
Brand W,74355,314,30.2,1,0.535,0.808,0,0.003077937
Brand Y,90991,369,15.3,3,0.6725,0.212,0.25,0.002889187
Brand Z,76463,300,21.6,7,0.5,0.464,0.75,0.002831173
Brand Z,61373,435,21.3,7,0.8375,0.452,0.75,0.005065583
Brand W,76869,497,19.5,1,0.9925,0.38,0,0.004601985
Brand A,36520,234,29.2,4,0.335,0.768,0.375,0.004725082
Brand E,59473,474,22.9,2,0.935,0.516,0.125,0.005694517
Brand X,73744,220,33.9,8,0.3,0.956,0.875,0.002226215
Brand D,42753,231,12.4,9,0.3275,0.096,1,0.003869202
Brand E,47278,165,29.3,2,0.1625,0.772,0.125,0.002628918
Brand X,97117,456,30,8,0.89,0.8,0.875,0.003379429
Brand Y,62472,341,10.8,3,0.6025,0.032,0.25,0.003872775
Brand C,90747,257,14.9,6,0.3925,0.196,0.625,0.002031693
Brand Z,73334,299,10.1,7,0.4975,0.004,0.75,0.002895383
Brand B,76134,497,27.9,5,0.9925,0.716,0.5,0.004679512
Brand E,79301,441,20.4,2,0.8525,0.416,0.125,0.003969937
Brand C,34348,384,28.7,6,0.71,0.748,0.625,0.008076453
Brand B,81809,136,33.5,5,0.09,0.94,0.5,0.001286533
Brand Z,71884,178,16.9,7,0.195,0.276,0.75,0.001803878
Brand X,55257,450,18.6,8,0.875,0.344,0.875,0.005801618
Brand X,77592,298,17.2,8,0.495,0.288,0.875,0.002754923
Brand C,31493,129,27.3,6,0.0725,0.692,0.625,0.003127362
Brand Z,63287,413,25.5,7,0.7825,0.62,0.75,0.004688957
Brand C,31198,332,22.2,6,0.58,0.488,0.625,0.007662671
Brand D,33962,309,25,9,0.5225,0.6,1,0.006589718
Brand Y,82046,215,29.6,3,0.2875,0.784,0.25,0.001942569
Brand Z,63948,199,34,7,0.2475,0.96,0.75,0.002337837
Brand Y,72469,302,26.6,3,0.505,0.664,0.25,0.003027225
Brand X,77029,156,25.5,8,0.14,0.62,0.875,0.001516961
Brand W,88900,226,29.5,1,0.315,0.78,0,0.001879078
Brand Z,67749,122,14.3,7,0.055,0.172,0.75,0.001323857
Brand X,71731,390,12.8,8,0.725,0.112,0.875,0.003859419
Brand D,85972,151,31.3,9,0.1275,0.852,1,0.001338692
Brand X,32171,275,13.1,8,0.4375,0.124,0.875,0.00610581
Brand A,73830,490,17.3,4,0.975,0.292,0.375,0.004716105
Brand C,67518,195,27.2,6,0.2375,0.688,0.625,0.00214254
Brand D,69742,463,21.1,9,0.9075,0.444,1,0.004737891
Brand X,43706,127,32.9,8,0.0675,0.916,0.875,0.002259873
Brand D,91808,170,23.2,9,0.175,0.528,1,0.001371994
Brand C,83818,325,21.2,6,0.5625,0.448,0.625,0.002790093
Brand D,56305,366,19.9,9,0.665,0.396,1,0.004656247
Brand B,57018,289,33.2,5,0.4725,0.928,0.5,0.003722684
Brand X,40104,278,21.8,8,0.445,0.472,0.875,0.00501546
Brand C,68852,336,16.2,6,0.59,0.248,0.625,0.003486609
Brand W,82141,266,21,1,0.415,0.44,0,0.002343531
Brand A,67295,176,31.7,4,0.19,0.868,0.375,0.001972063
Brand Z,46879,426,34.3,7,0.815,0.972,0.75,0.006580558
Brand D,59172,377,32.9,9,0.6925,0.916,1,0.004626682
Brand A,38162,383,29.9,4,0.7075,0.796,0.375,0.007260364
Brand Y,33791,217,28.2,3,0.2925,0.728,0.25,0.004745642
Brand Y,63133,484,19.4,3,0.96,0.376,0.25,0.005458635
Brand B,63170,376,10.8,5,0.69,0.032,0.5,0.004217825
Brand C,69084,479,10.7,6,0.9475,0.028,0.625,0.004899977
Brand A,83274,193,30.5,4,0.2325,0.82,0.375,0.001732233
Brand Y,92316,134,11.3,3,0.085,0.052,0.25,0.001052797
Brand C,97138,281,24.9,6,0.4525,0.596,0.625,0.002101855
Brand A,75529,211,22,4,0.2775,0.48,0.375,0.002042924
Brand Z,91613,430,33.6,7,0.825,0.944,0.75,0.003395588
Brand E,55348,140,28.2,2,0.1,0.728,0.125,0.001923466
Brand Z,30231,224,12.6,7,0.31,0.104,0.75,0.005311766
Brand E,44876,289,30.6,2,0.4725,0.824,0.125,0.004712541
Brand C,34771,427,15.5,6,0.8175,0.22,0.625,0.008729976
Brand E,56471,304,26.8,2,0.51,0.672,0.125,0.00391068
Brand A,39539,478,32.6,4,0.945,0.904,0.375,0.008709881
Brand W,50645,273,20.7,1,0.4325,0.428,0,0.003895942
Brand X,85149,219,26,8,0.2975,0.64,0.875,0.001891978
Brand Z,71680,149,21,7,0.1225,0.44,0.75,0.001542969
Brand E,34193,324,32.6,2,0.56,0.904,0.125,0.00691896
Brand A,97040,345,12.7,4,0.6125,0.108,0.375,0.002527927
Brand X,79141,179,25.8,8,0.1975,0.632,0.875,0.00168105
Brand W,83278,355,23.9,1,0.6375,0.556,0,0.003070079
Brand A,68672,383,32.3,4,0.7075,0.892,0.375,0.004045171
Brand X,98372,404,26.6,8,0.76,0.664,0.875,0.002955922
Brand B,86777,153,16.2,5,0.1325,0.248,0.5,0.001290204
Brand E,37511,422,33.8,2,0.805,0.952,0.125,0.008145344
Brand Y,98853,344,11.2,3,0.61,0.048,0.25,0.00246993
Brand Y,38445,453,26.5,3,0.8825,0.66,0.25,0.008454936
Brand Y,74350,225,20.4,3,0.3125,0.416,0.25,0.002200672
Brand Y,92655,202,25.4,3,0.255,0.616,0.25,0.001608332
Brand E,43652,394,27.3,2,0.735,0.692,0.125,0.006505773
Brand B,81046,479,25.1,5,0.9475,0.604,0.5,0.004230067
Brand B,35820,108,21.3,5,0.02,0.452,0.5,0.002288945
Brand Z,86749,106,17.7,7,0.015,0.308,0.75,0.000916552
Brand B,37340,303,33.7,5,0.5075,0.948,0.5,0.005950991
Brand Y,76746,426,28.9,3,0.815,0.756,0.25,0.003998515
Brand A,64870,359,25.8,4,0.6475,0.632,0.375,0.003993217
Brand D,88226,206,30.6,9,0.265,0.824,1,0.00173849
Brand E,30252,212,33.9,2,0.28,0.956,0.125,0.005241637
Brand Z,78717,387,17.6,7,0.7175,0.304,0.75,0.003508518
Brand Z,45733,121,12,7,0.0525,0.08,0.75,0.001930772
Brand D,73052,108,19.4,9,0.02,0.376,1,0.001114549
Brand X,65238,259,20,8,0.3975,0.4,0.875,0.002871026
Brand B,67611,177,12.4,5,0.1925,0.096,0.5,0.001887563
Brand C,41340,382,12.1,6,0.705,0.084,0.625,0.00655612
Brand A,83057,263,20.6,4,0.4075,0.424,0.375,0.002290957
Brand Z,53350,372,29.7,7,0.68,0.788,0.75,0.005047985
Brand Z,39647,393,10.9,7,0.7325,0.036,0.75,0.007021212
Brand Y,99147,164,33.2,3,0.16,0.928,0.25,0.001258334
Brand X,82184,361,28.2,8,0.6525,0.728,0.875,0.003177747
Brand D,57966,120,25.4,9,0.05,0.616,1,0.001580582
Brand A,51045,206,29.5,4,0.265,0.78,0.375,0.002998335
Brand Z,99858,485,23.4,7,0.9625,0.536,0.75,0.003470128
Brand C,34841,299,29.7,6,0.4975,0.788,0.625,0.006263023
Brand C,59766,285,32.8,6,0.4625,0.912,0.625,0.00350266
Brand D,81649,229,29.6,9,0.3225,0.784,1,0.00207204
Brand D,34278,202,26.7,9,0.255,0.668,1,0.004358772
Brand B,70338,187,16.5,5,0.2175,0.26,0.5,0.001931388
Brand C,65119,253,29.8,6,0.3825,0.792,0.625,0.002856923
Brand W,81280,124,20.9,1,0.06,0.436,0,0.001145054
Brand W,63712,398,27.3,1,0.745,0.692,0,0.00450135
Brand C,51615,228,32.5,6,0.32,0.9,0.625,0.003281023
Brand E,38196,387,23.1,2,0.7175,0.524,0.125,0.007273798
Brand B,72743,398,14.8,5,0.745,0.192,0.5,0.003890959
Brand W,66725,229,17.9,1,0.3225,0.316,0,0.002482877
Brand C,78942,266,23,6,0.415,0.52,0.625,0.0024461
Brand D,45467,191,22.1,9,0.2275,0.484,1,0.003086414
Brand W,48206,497,21.6,1,0.9925,0.464,0,0.007351367
Brand W,31700,491,12.3,1,0.9775,0.092,0,0.010958675
Brand Z,71118,415,32.7,7,0.7875,0.908,0.75,0.0042227
Brand A,89443,145,32.4,4,0.1125,0.896,0.375,0.001243473
Brand E,30203,338,18,2,0.595,0.32,0.125,0.008012449
Brand Z,54315,471,32.6,7,0.9275,0.904,0.75,0.006250207
Brand E,74860,108,19.8,2,0.02,0.392,0.125,0.001089233
Brand X,95989,281,30.3,8,0.4525,0.812,0.875,0.002143891
Brand W,94717,185,10.5,1,0.2125,0.02,0,0.001400488
Brand E,35928,474,31.7,2,0.935,0.868,0.125,0.009499833
Brand X,31478,246,20.7,8,0.365,0.428,0.875,0.005667768
Brand E,37685,433,24.4,2,0.8325,0.576,0.125,0.00823723
Brand Y,69899,408,15.7,3,0.77,0.228,0.25,0.004153278
Brand B,73478,389,27.6,5,0.7225,0.704,0.5,0.003818558
Brand C,78914,356,31.5,6,0.64,0.86,0.625,0.003277619
Brand Z,65907,105,25,7,0.0125,0.6,0.75,0.001229005
Brand X,74078,474,22.8,8,0.935,0.512,0.875,0.004571398
Brand A,90837,346,12.9,4,0.615,0.116,0.375,0.002708918
Brand Z,68031,152,33.2,7,0.13,0.928,0.75,0.001710397
Brand E,99189,346,14.1,2,0.615,0.164,0.125,0.002484449
Brand B,78929,139,24.7,5,0.0975,0.588,0.5,0.001326635
Brand Z,99855,397,33.3,7,0.7425,0.932,0.75,0.00288308
Brand B,71179,427,34.6,5,0.8175,0.984,0.5,0.004345102
Brand W,91224,357,12.9,1,0.6425,0.116,0,0.002781834
Brand Y,68928,152,18.3,3,0.13,0.332,0.25,0.001623288
Brand Y,79836,392,19.2,3,0.73,0.368,0.25,0.003509194
Brand A,43088,138,25.1,4,0.095,0.604,0.375,0.002416682
Brand D,79814,458,15,9,0.895,0.2,1,0.00407322
Brand A,76178,356,29.1,4,0.64,0.764,0.375,0.003385886
Brand D,95419,189,31.6,9,0.2225,0.864,1,0.001485868
Brand A,47514,252,27.5,4,0.38,0.7,0.375,0.003886223
Brand X,92904,142,31.3,8,0.105,0.852,0.875,0.001170994
Brand Z,67212,124,27.8,7,0.06,0.712,0.75,0.001415521
Brand A,94245,269,25.4,4,0.4225,0.616,0.375,0.002078837
Brand Y,77532,293,16.2,3,0.4825,0.248,0.25,0.002708043
Brand C,74451,138,31.9,6,0.095,0.876,0.625,0.001426039
Brand E,32663,398,23.8,2,0.745,0.552,0.125,0.008748125
Brand Z,44861,119,24.6,7,0.0475,0.584,0.75,0.002021355
Brand Z,79638,455,28.2,7,0.8875,0.728,0.75,0.004105578
Brand W,44180,149,21.4,1,0.1225,0.456,0,0.002506111
Brand C,49038,369,21.5,6,0.6725,0.46,0.625,0.005398874
Brand Y,43913,178,18.3,3,0.195,0.332,0.25,0.002962448
Brand E,83824,450,32.5,2,0.875,0.9,0.125,0.003874189
Brand D,81536,307,27,9,0.5175,0.68,1,0.002734988
Brand B,47201,429,27.2,5,0.8225,0.688,0.5,0.006535031
Brand E,57805,365,12.6,2,0.6625,0.104,0.125,0.004485425
Brand B,52505,292,16.8,5,0.48,0.272,0.5,0.003988953
Brand W,61986,373,21.6,1,0.6825,0.464,0,0.004316781
Brand Z,40995,378,24.3,7,0.695,0.572,0.75,0.006632272
Brand E,90730,427,15.3,2,0.8175,0.212,0.125,0.00334498
Brand B,60261,363,18,5,0.6575,0.32,0.5,0.004306268
Brand W,65526,229,15.1,1,0.3225,0.204,0,0.00251549
Brand E,38982,438,19.3,2,0.845,0.372,0.125,0.008013699
Brand A,86179,289,26,4,0.4725,0.64,0.375,0.002437949
Brand A,74111,399,34.5,4,0.7475,0.98,0.375,0.003908327
Brand Y,67017,214,23.7,3,0.285,0.548,0.25,0.002341346
Brand A,66041,326,16.6,4,0.565,0.264,0.375,0.003530837
Brand E,66698,398,22.5,2,0.745,0.5,0.125,0.004278239
Brand W,36407,400,29.7,1,0.75,0.788,0,0.007935562
Brand B,50006,425,33.3,5,0.8125,0.932,0.5,0.006149062
Brand E,31197,166,20,2,0.165,0.4,0.125,0.003917043
Brand C,66704,496,21.8,6,0.99,0.472,0.625,0.00530313
Brand B,58979,496,29.8,5,0.99,0.792,0.5,0.00603842
Brand X,68104,348,27,8,0.62,0.68,0.875,0.003695818
Brand B,92533,131,26,5,0.0775,0.64,0.5,0.001075292
Brand W,73853,467,14.9,1,0.9175,0.196,0,0.004486886
Brand D,83877,126,32.5,9,0.065,0.9,1,0.001167781
Brand D,50375,444,22.7,9,0.86,0.508,1,0.006304913
Brand C,41812,329,33.6,6,0.5725,0.944,0.625,0.005749067
Brand Y,58179,412,13,3,0.78,0.12,0.25,0.00502415
Brand W,65631,448,28.5,1,0.87,0.74,0,0.004908504
Brand C,58343,185,13.9,6,0.2125,0.156,0.625,0.002291106
Brand X,96409,362,22.7,8,0.655,0.508,0.875,0.002699022
Brand B,48847,478,15.4,5,0.945,0.216,0.5,0.006944541
Brand Y,78694,441,33.4,3,0.8525,0.936,0.25,0.004050118
Brand Y,49801,312,33.2,3,0.53,0.928,0.25,0.00458545
Brand D,45335,397,33.9,9,0.7425,0.956,1,0.006354252
Brand E,32430,309,12.1,2,0.5225,0.084,0.125,0.006781684
Brand B,98064,329,31.8,5,0.5725,0.872,0.5,0.00244575
Brand C,87275,216,22.8,6,0.29,0.512,0.625,0.001810828
Brand A,98802,401,25,4,0.7525,0.6,0.375,0.002916945
Brand B,52256,297,30.1,5,0.4925,0.804,0.5,0.004151294
Brand Z,96902,239,15.7,7,0.3475,0.228,0.75,0.001775092
Brand E,95399,474,11.4,2,0.935,0.056,0.125,0.003513873
Brand C,60855,293,16.9,6,0.4825,0.276,0.625,0.003453619
Brand C,51127,281,15.3,6,0.4525,0.212,0.625,0.003937059
Brand B,54795,267,20.3,5,0.4175,0.412,0.5,0.003522037
Brand X,54119,252,15.9,8,0.38,0.236,0.875,0.003347623
Brand X,57501,429,33.1,8,0.8225,0.924,0.875,0.005395211
Brand D,94023,422,21.2,9,0.805,0.448,1,0.003209427
Brand C,57088,187,26.9,6,0.2175,0.676,0.625,0.002434312
Brand A,86984,126,18.2,4,0.065,0.328,0.375,0.00107675
Brand D,64732,386,33.4,9,0.715,0.936,1,0.004328925
Brand X,31892,344,15.7,8,0.61,0.228,0.875,0.007698169
Brand Z,31159,480,20.4,7,0.95,0.416,0.75,0.010979813
Brand A,42283,473,23.9,4,0.9325,0.556,0.375,0.008000142
Brand C,48723,237,12.6,6,0.3425,0.104,0.625,0.003482544
Brand A,69846,152,13.7,4,0.13,0.148,0.375,0.001582195
Brand Z,46725,161,14.7,7,0.1525,0.188,0.75,0.002506367
Brand B,86990,174,10.4,5,0.185,0.016,0.5,0.001436027
Brand X,40206,385,32,8,0.7125,0.88,0.875,0.00694175
Brand X,86117,212,27.8,8,0.28,0.712,0.875,0.001820082
Brand X,81274,355,29.5,8,0.6375,0.78,0.875,0.003166449
Brand X,30183,415,21,8,0.7875,0.44,0.875,0.00983335
Brand Z,34535,196,15.2,7,0.24,0.208,0.75,0.004104821
Brand C,35215,377,25.3,6,0.6925,0.612,0.625,0.007709499
Brand E,72980,294,21.8,2,0.485,0.472,0.125,0.002909564
Brand Z,55921,443,11,7,0.8575,0.04,0.75,0.005604335
Brand B,95051,225,12.4,5,0.3125,0.096,0.5,0.001696142
